id,proposed_target,proposed_value,rationale
CAL-001,definitionUa,"Такий, що стосується промисловості або пов'язаний з нею.","Original used a bare noun 'Промисловість' plus an elliptical fragment, which reads as defining the noun, not the adjective; rewrote as an adjectival formula ('Такий, що...') agreeing with 'промисловий'."
CAL-002,definitionUa,"Посадовець, призначений державою представляти її торговельні інтереси в іноземному місті.",Removed the parenthetical claiming 'консул' can mean the consulate building; that is factually wrong (the building is 'консульство') and appears to be leaked content from another entry.
CAL-003,definitionUa,"Підходить для використання, доречний.",Changed feminine 'доречна' to masculine 'доречний' so the predicate agrees with the masculine gloss 'придатний'; left 'Підходить для використання' untouched as it was not the flagged defect.
CAL-004,definitionUa,Властивість зберігати придатність до використання протягом тривалого часу.,"Replaced the English-pattern calque 'Якість бути довговічним' with an idiomatic властивість-construction, as the claim required, describing the actual property rather than translating 'quality of being'."
CAL-005,definitionUa,"Обговорювати умови з іншою стороною, щоб досягнути згоди.","Changed the noun 'Обговорення' to the infinitive verb 'Обговорювати' so the definition describes an action, matching the verb headword and the verb-phrase gloss 'вести переговори'."
CAL-006,definitionUa,Брати участь у якійсь діяльності разом з іншими людьми.,"Replaced the Russian calque 'Приймати участь' with the idiomatic Ukrainian 'Брати участь', aligning the definition with the already-correct accepted gloss 'брати участь'."
CAL-007,definitionUa,"Попередній варіант документа, який ще не є остаточним або офіційно затвердженим.","The old definition described a signed, binding document, which is the opposite sense of 'чернетка' (a draft/preliminary version); rewrote definitionUa to match the accepted gloss's sense."
CAL-008,definitionUa,"Сукупність законів, ухвалених законодавчим органом держави, що регулюють поведінку громадян та діяльність установ і є обов'язковими для виконання.",Changed 'обов'язковим' to the plural 'обов'язковими' to agree with the plural subject 'закони' (matching plural verb 'регулюють'); rest of the sentence left unchanged as it was already accurate.
CAL-009,,,"Claim is refuted: the clause 'рішення якої сторони погоджуються виконувати' already establishes bindingness, since the parties agree in advance to carry out the decision; no change needed."
