id,batch,word,pos,ua,definitionUa,category,existing_rationale,evidence_quote,proposed_target,proposed_value,rationale,confidence,answer_kind
SB-0043,1,agricultural,adj.,сільськогосподарський,Сільське господарство або пов'язане з ним.,pos-morphology,"Adjective agricultural is defined by the noun phrase 'Сільське господарство' plus an elliptical fragment; use 'Такий, що стосується сільського господарства'.",Сільське господарство,definitionUa,"Такий, що стосується сільського господарства або пов'язаний із ним.","Narrow-token case: original was led by the bare noun phrase 'Сільське господарство' plus an elliptical 'або пов'язане з ним', not an adjectival formula. Rebuilt using the standard dictionary formula 'Такий, що стосується X або пов'язаний із ним', matching the recorded claim's proposed pattern and the formula already used elsewhere in this batch (SB-0428), while keeping both original elements (the referent and the 'пов'язаний з ним' idea).",high,correction
SB-0061,1,ambassador,n.,посол,"Дипломат найвищого рангу, посланий до іноземного двору, щоб представляти там свого суверена або країну. (Іноді його називають резиденцією посла)",semantic-pedagogical,"The parenthetical says the ambassador is sometimes called the ambassador's residence, which is false and likely leaked from another sense.",резиденцією посла,definitionUa,"Дипломат найвищого рангу, посланий до іноземного двору, щоб представляти там свого суверена або країну.","Narrow-token case: the parenthetical '(Іноді його називають резиденцією посла)' literally claims the ambassador (a person) is sometimes called 'the ambassador's residence' (a building), which is false and appears to be leaked from the separate 'embassy/residence' sense. Deleted only the erroneous parenthetical; the preceding sentence was accurate and preserved verbatim.",high,correction
SB-0073,1,applicable,adj.,застосовний,"Підходить для застосування, актуальна.",grammar-syntax,The predicate switches from masculine 'Підходить' to feminine 'актуальна' for the same adjective gloss.,актуальна,definitionUa,"Підходить для застосування, актуальний.","Narrow-token case: the recorded claim targets only the gender disagreement on 'актуальна' vs the masculine gloss 'застосовний'. Changed only that final token to 'актуальний' and restored 'Підходить для застосування' verbatim, since that opening clause was outside the recorded defect. Separate observation for the reviewer: 'Підходить' is a finite verb form, not an adjectival predicate, so the opening clause may itself be a non-adjectival-formula defect worth a future pass -- not folded into this correction.",high,correction
SB-0328,1,declaration,n.,декларація,"Емфатичний або формальний акт висловлювання, розповіді або ствердження чогось, усним або письмовим; рішуче твердження чи проголошення.",grammar-syntax,The phrase ending 'усним або письмовим' does not agree cleanly with 'акт' and the definition is a malformed source-language calque.,усним або письмовим,definitionUa,"Емфатичний або формальний акт висловлювання, розповіді або ствердження чогось, усний або письмовий; рішуче твердження чи проголошення.","Narrow-token case: confirmed 'усним або письмовим' is in the instrumental case with nothing to govern it, while the head noun 'акт' is nominative masculine, producing a calque-like case mismatch. Changed only the case of that phrase to nominative masculine 'усний або письмовий', keeping the original conjunction 'або' unchanged (the recorded defect concerned case agreement, not the conjunction); the rest of the sentence, including 'чи' in the final clause, is unchanged.",medium,correction
SB-0428,1,electoral,adj.,виборчий,Щодо виборів або щодо них.,grammar-calque,'Щодо виборів або щодо них' repeats the same object and is not a usable Ukrainian definition.,Щодо виборів або щодо них,definitionUa,"Такий, що стосується виборів, або пов'язаний із ними.","Whole-definition case: verified the claim -- 'Щодо виборів або щодо них' uses 'щодо' twice pointing at the same referent (elections), which is not a coherent Ukrainian definition, so a minimal token swap could not fix it. Rewrote as a standard adjectival formula 'Такий, що стосується X, або пов'язаний із ним(и)' using two distinct predicates instead of the redundant repetition.",medium,correction
SB-0516,1,flexibility,n.,гнучкість,"Якість бути гнучким, фізично чи метафорично.",grammar-calque,'Якість бути гнучким' is an English-pattern calque; idiomatic Ukrainian requires 'здатність/властивість бути гнучким'.,Якість бути гнучким,definitionUa,"Здатність бути гнучким, фізично чи метафорично.","Narrow-token case: confirmed 'Якість бути гнучким' calques the English 'quality of being flexible' pattern, which is unidiomatic in Ukrainian. Replaced only 'Якість' with 'Здатність' (the standard здатність+infinitive construction used for abilities/properties), leaving 'бути гнучким, фізично чи метафорично' untouched.",high,correction
SB-0556,1,grind,v.,молоти,Розрізати на дрібніші шматки шляхом подрібнення бічними рухами.,semantic-pedagogical,"Grind is rendered as cutting by sideways movements; the core action is crushing, rubbing, or milling into smaller particles.",Розрізати на дрібніші шматки,definitionUa,"Перетворювати щось на дрібні частинки, розтираючи або розмелюючи його.","Whole-definition case: the recorded claim criticises the whole rendering as cutting by sideways movements, not a single token, and the gloss is 'молоти' (to mill/grind), so rewrote the full definition rather than swapping one word. Built on imperfective verbs ('Перетворювати', gerunds of 'розтирати'/'розмелювати') to match this bank's convention for verb entries (cf. 'Обговорювати', 'Брати участь'), and avoided circularity -- my prior draft's 'Розтерти ... шляхом подрібнення' said crush by means of crushing, which this version does not repeat. Confidence is medium: the exact choice of manner verbs (розтирати/розмелювати) is a defensible but not uniquely determined rendering of 'grind'.",medium,correction
SB-0651,1,intent,n.,намір,Щось призначене.,semantic-pedagogical,"Intent is defined as 'Щось призначене' rather than an intention, purpose, or aim.",Щось призначене,definitionUa,Мета або задум зробити щось; свідоме прагнення досягти певного результату.,"Whole-definition case: verified the claim -- 'Щось призначене' means 'something designated/intended-for-a-purpose' (an object sense), not the mental-state sense of 'intent' matching the gloss 'намір'. Since the entire clause described the wrong concept, a token swap was insufficient; rewrote the definition around purpose/aim/design, the core sense of 'намір'.",medium,correction
SB-0652,1,interactive,adj.,інтерактивний,Пропозиція або залучення взаємодії з користувачем.,pos-morphology,Adjective interactive is led by the noun 'Пропозиція'; the phrase is ungrammatical and does not define the adjective.,Пропозиція або залучення,definitionUa,"Такий, що передбачає взаємодію з користувачем.","Whole-definition case: verified the claim -- the definition opens with the noun 'Пропозиція' (a proposal/offer), which is ungrammatical as a definition of the adjective 'інтерактивний' and does not describe the adjective at all. Rewrote as a standard adjectival formula referring to user interaction, the core sense of the headword.",medium,correction
SB-0710,1,linear,adj.,лінійний,Має форму лінії; прямі або приблизно прямі; за прямим курсом.,grammar-syntax,"After singular 'Має форму лінії', the gloss shifts to plural adjectives 'прямі ... прямі'.",прямі або приблизно прямі,definitionUa,Має форму лінії; прямий або приблизно прямий; за прямим курсом.,"Narrow-token case: confirmed the definition shifts from the singular predicate 'Має форму лінії' to plural adjectives 'прямі ... прямі', disagreeing with the singular masculine gloss 'лінійний'. Changed only that clause to singular masculine 'прямий або приблизно прямий'; the surrounding clauses are unchanged.",high,correction
SB-0885,2,post-war,adj.,післявоєнний,Відноситься до періоду часу відразу після закінчення війни; де є припинення конфлікту.,russianism-calque,"'Відноситься до' is a Russian-pattern calque here, and 'де є припинення конфлікту' is an ill-formed appended clause.",Відноситься до,definitionUa,"Такий, що стосується періоду часу відразу після закінчення війни.","Revised again on review: the recorded defect is the 'Відноситься до' calque and the ill-formed appended clause 'де є припинення конфлікту'. That clause was dropped as redundant rather than repaired/paraphrased, since any paraphrase restating 'after the war ended' duplicates the first clause (tautology). Switched 'Відноситься до' to the house-style adjectival formula 'Такий, що стосується' for consistency with Batch 1 (SB-0043, SB-0428). Two earlier edits were reverted as out-of-scope: 'відразу' was changed back from 'одразу' (interchangeable synonym, not part of the recorded defect, and the same class of change was rejected at Batch 1 SB-0328 'або'->'чи'), and 'періоду часу' was restored in full (dropping 'часу' was not the recorded defect either). Narrow-token/phrase case: only the calque phrase and the ill-formed clause were touched; everything else is frozen text verbatim. REVIEWER NOTE: «періоду часу» is pleonastic and «відразу»/«одразу» are interchangeable; both were left as frozen because neither is part of the recorded defect.",high,correction
SB-0899,2,prescribe,v.,призначати,Замовити (лікарський засіб або медичний пристрій) для використання конкретним пацієнтом (за ліцензією).,semantic-pedagogical,The definition uses 'Замовити' (order/purchase) for prescribe instead of 'призначити'.,Замовити,definitionUa,Призначати (лікарський засіб або медичний пристрій) для використання конкретним пацієнтом (за ліцензією).,"Narrow-token case: 'Замовити' means 'to order/purchase', not the medical sense of 'prescribe'. Replaced with 'Призначати', matching the accepted ua gloss 'призначати' and the bank's imperfective-verb convention for verb definitions. Nothing else in the sentence altered.",high,correction
SB-0907,2,presumably,adv.,мабуть,Здатний бути розумно припущеним.,pos-morphology,Adverb presumably is defined as the adjective presumable: 'Здатний бути ... припущеним'.,Здатний бути розумно припущеним,definitionUa,Як можна обґрунтовано припустити; імовірно.,"Revised on review: pass-1 value 'Ймовірно, наскільки можна обґрунтовано припустити.' read as two disconnected fragments spliced by a comma rather than one adverbial definition. Whole-definition judgement unchanged -- the frozen text still defines the adjective 'presumable' ('capable of being reasonably presumed'), not the adverb 'presumably' -- but the replacement is now phrased as a single coherent adverbial predicate, 'Як можна обґрунтовано припустити; імовірно.', consistent with the accepted ua gloss 'мабуть'.",high,correction
SB-1003,2,reside,v.,проживати,Проживати постійно або на тривалий час; мати постійне місце проживання на час; залишатися надовго.,grammar-semantic,'мати постійне місце проживання на час' is internally contradictory and not idiomatic Ukrainian.,мати постійне місце проживання на час,definitionUa,Проживати постійно або на тривалий час; мати постійне місце проживання; залишатися надовго.,Narrow-token case: 'постійне ... на час' is self-contradictory ('permanent' vs 'for a time'). Removed only the contradictory 'на час' qualifier; the surrounding three-clause structure and the other two clauses are preserved exactly.,high,correction
SB-1048,2,seemingly,adv.,здавалося б,Як з'являється; мабуть.,grammar-calque,'Як з'являється' is a false calque of 'as it appears'; Ukrainian requires 'як видається/на перший погляд'.,Як з'являється,definitionUa,Як видається; мабуть.,"Narrow-token case: 'з'являтися' means 'to physically appear/show up', a false-friend calque of the sense needed here. Replaced with 'як видається', the idiomatic Ukrainian equivalent of 'as it seems'. Trailing '; мабуть.' left untouched.",high,correction
SB-1111,2,squad,n.,загін,"Група людей, організована для якоїсь спільної мети, зазвичай із десяти членів.",semantic-pedagogical,The claim that a squad usually has ten members is over-specific and false across ordinary military and nonmilitary senses.,зазвичай із десяти членів,definitionUa,"Група людей, організована для якоїсь спільної мети.","Narrow-token case: the claim that a squad 'usually' has ten members is over-specific and not true across military (varies ~8-13) or nonmilitary (sports/work 'squad') senses, so the false numeric qualifier was dropped, leaving the accurate general clause intact. REVIEWER NOTE: the ua gloss 'загін' carries a mainly military/paramilitary connotation in Ukrainian and may read oddly for nonmilitary senses of 'squad' (e.g. a sports squad); this was not part of the recorded defect and is left for separate review.",medium,correction
SB-1149,2,successor,n.,наступник,"Особа або річ, яка безпосередньо слідує за іншою у займанні посади чи титулу.",russianism-calque,"'слідує за' and 'у займанні посади' are calqued, non-idiomatic constructions for succeeding someone in office.",слідує за іншою у займанні посади чи титулу,definitionUa,"Особа або річ, яка безпосередньо змінює іншу на посаді чи титулі.","Narrow-token/phrase case: 'слідує за... у займанні посади' is a clunky bureaucratic calque of 'follows... in occupying a position'. Replaced with the idiomatic nominal construction 'безпосередньо змінює іншу на посаді чи титулі' ('directly succeeds/replaces another in a position or title'), matching the noun-definition convention. Opening 'Особа або річ, яка' preserved verbatim.",high,correction
SB-1168,2,surrender,v.,здатися,"Віддатися у владу іншого, особливо в полоні; подати або поступитися.",grammar-semantic,'особливо в полоні; подати або поступитися' is malformed and adds verbs that do not express surrender.,особливо в полоні; подати або поступитися,definitionUa,"Віддатися у владу іншого, особливо потрапляючи в полон; піддатися або поступитися.","Narrow-token/phrase case: 'особливо в полоні' (manner clause 'especially in captivity') was ungrammatical as attached; recast as 'особливо потрапляючи в полон' ('especially by falling into captivity'). 'подати' does not mean 'to submit/give way' in Ukrainian (its primary sense is 'to hand in/serve a document'); corrected to 'піддатися'. Opening clause 'Віддатися у владу іншого' preserved verbatim. REVIEWER NOTE: 'Віддатися' is perfective, while this bank's stated convention is imperfective verbal predicates for verb definitions (cf. accepted ua gloss 'здатися', also perfective); this aspect mismatch predates and is separate from the recorded defect, so it was left unchanged and flagged for separate review.",medium,correction
SB-1171,2,suspicion,n.,підозра,"Дія підозрювати щось або когось, особливо в чомусь недобре.",grammar-syntax,'Дія підозрювати' and 'в чомусь недобре' are ungrammatical; the noun requires an idiomatic nominal definition.,Дія підозрювати,definitionUa,"Підозрювання чогось або когось, особливо в чомусь поганому.","Revised on review: pass-1 accidentally reordered the frozen 'щось або когось' to 'когось або чогось' and changed 'в' to 'у', neither of which was part of the recorded defect ('Дія підозрювати' and 'в чомусь недобре'). Restored the frozen order and kept 'в' (Ukrainian euphony prefers 'в' after a vowel, and 'особливо' ends in -о). Separately, nominalising the verb to 'Підозрювання' changes the government of its complement: a deverbal noun cannot take an accusative object, so the inanimate 'щось' (accusative=nominative for inanimates) must become genitive 'чогось'; the animate 'когось' is unchanged because Ukrainian accusative and genitive already coincide for animates, so 'когось' is correct in both readings. This case change is made explicitly as part of the recorded fix, not a silent addition. 'в чомусь недобре' (adverb where an adjective is required) is still corrected to 'в чомусь поганому'. REVIEWER NOTE: the frozen 'Дія підозрювати' resembles a mangled form of the standard Ukrainian dictionary formula «Дія за значенням підозрювати»; if that formula is house style for deverbal noun entries, it may be the better target than 'Підозрювання'. Flagged for the coordinator/adjudicator to decide; not switched unilaterally.",medium,correction
SB-1247,2,undergraduate,n.,студент,"Студент університету, який ще не отримав наукового ступеня.",ua-definition-consistency,ua 'студент' is broader than undergraduate and conflicts with the definition's first-degree constraint.,студент,ua,студент бакалаврату,"Cross-field case: definitionUa ('Студент університету, який ще не отримав наукового ступеня') already carries the correct, precise 'undergraduate' meaning and was left untouched per the rule against rewriting the field already carrying the correct, more precise meaning. The ua gloss 'студент' is broader (covers graduate/PhD students too) and is the field responsible for the inconsistency, so it was narrowed to 'студент бакалаврату', the natural contemporary Ukrainian term for an undergraduate student. REVIEWER NOTE: definitionUa says «який ще не отримав наукового ступеня», but in Ukrainian academic usage «науковий ступінь» denotes a research degree (кандидат/доктор), whereas a bachelor's is an «освітній ступінь». So the frozen definition is arguably imprecise in its own right. Outside the recorded cross-field defect; flagged, not changed.",medium,correction
