id,word,pos,ua,definitionUa,ax_semantic,ax_natural,ax_grammar,ax_pos,ax_register,ax_calque,ax_consistency,ax_pedagogical,ax_ui,disposition,confidence,category,proposed_target,proposed_value,rationale
SB-1439,corporate,word family,корпоративний,Що стосується корпорації.,pass,pass,pass,pass,pass,pass,pass,pass,pass,clean-candidate,high,,,,corporate → «корпоративний»; definition (relating to a corporation) is accurate; adjective POS matches.
SB-0262,constraint,n.,обмеження,"Те, що стримує; обмеження.",pass,pass,pass,pass,pass,pass,pass,pass,pass,clean-candidate,high,,,,constraint → «обмеження»; definition (that which restrains; a limitation) is accurate; noun POS matches.
SB-0620,infect,v.,заразити,"Привести (тіло або його частину) в контакт з речовиною, що викликає хворобу (збудником), щоб збудник почав діяти на організм;",pass,pass,pass,pass,pass,pass,pass,pass,pass,clean-candidate,medium,,,,infect → «заразити»; definition (bring a body into contact with a disease-causing agent) conveys the sense; trailing semicolon trivial.
SB-0628,injustice,n.,несправедливість,Порушення прав іншої людини чи людей.,pass,pass,pass,pass,pass,pass,pass,pass,pass,clean-candidate,high,,,,injustice → «несправедливість»; definition (violation of another's rights) is accurate; noun POS matches.
SB-1140,subsidy,n.,субсидія,"Фінансова підтримка або допомога, наприклад грант.",pass,pass,pass,pass,pass,pass,pass,pass,pass,clean-candidate,high,,,,"subsidy → «субсидія»; definition (financial support or aid, e.g. a grant) is accurate; noun POS matches."
SB-0127,betray,v.,зраджувати,"Порушити довіру або виявити приховану інформацію, почуття чи справжній характер.",pass,pass,pass,pass,pass,pass,pass,pass,pass,clean-candidate,high,,,,betray → «зраджувати»; definition (break trust or reveal hidden information/true character) is accurate; verb POS matches.
SB-0464,erect,v.,звести,Збирати шляхом з’єднання матеріалів або частин.,pass,pass,pass,pass,pass,pass,pass,pass,pass,clean-candidate,high,,,,erect → «звести»; definition (assemble by joining materials or parts) is accurate; verb POS matches.
SB-1370,structure,word family,структура; структурувати,"Згуртоване ціле, що складається з окремих частин.",pass,pass,pass,pass,pass,pass,pass,pass,pass,clean-candidate,medium,,,,structure → «структура; структурувати»; definition (a cohesive whole made of separate parts) conveys the sense; noun+verb pair matches the family.
SB-1374,administration,word family,адміністрування,Акт адміністрування; управління громадськими справами; надані послуги або взяті на себе обов'язки у веденні справ; ведення будь-якої посади чи роботи; напрямок.,pass,pass,pass,pass,pass,pass,pass,pass,pass,clean-candidate,high,,,,administration → «адміністрування»; definition (the act of administering; management of public affairs) is accurate; noun POS matches.
SB-0359,destructive,adj.,руйнівний,Заподіяння руйнування; завдає шкоди.,pass,pass,pass,pass,pass,pass,pass,pass,pass,clean-candidate,high,,,,destructive → «руйнівний»; definition (causing destruction; harmful) is accurate; adjective POS matches.
SB-1560,generation,word family,покоління,"Група людей, які народилися в певний період років і члени якої можуть мати культурні стосунки один з одним.",pass,pass,pass,pass,pass,pass,pass,pass,pass,clean-candidate,high,,,,generation → «покоління»; definition (people born in a certain period sharing cultural ties) is accurate; noun POS matches.
SB-1562,licence,word family,ліцензія,"Офіційний дозвіл на певну діяльність, володіння або використання чогось.",pass,pass,pass,pass,pass,pass,pass,pass,pass,clean-candidate,high,,,,"licence → «ліцензія»; definition (official permission for an activity, possession or use) is accurate; noun POS matches."
SB-0533,functional,adj.,функціональний,"Корисний; служіння меті, виконання функції.",pass,pass,pass,pass,pass,pass,pass,pass,pass,clean-candidate,medium,,,,"functional → «функціональний»; definition (useful; serving a purpose, performing a function) conveys the sense; adjective POS matches."
SB-1120,steer,v.,керувати,"Керувати курсом судна, транспортного засобу, літального апарату тощо (за допомогою такого пристрою, як стерно, весло або штурвал).",pass,pass,pass,pass,pass,pass,pass,pass,pass,clean-candidate,high,,,,"steer → «керувати»; definition (control the course of a vessel/vehicle/craft via rudder, oar or wheel) is accurate; verb POS matches."
SB-0522,formula,n.,формула,План або метод вирішення проблеми або досягнення результату.,pass,pass,pass,pass,pass,pass,pass,pass,pass,clean-candidate,high,,,,formula → «формула»; definition (a plan or method to solve a problem or reach a result) is accurate; noun POS matches.
SB-0366,devise,v.,придумати,Використовувати свій інтелект для планування або проектування (щось).,pass,pass,pass,pass,pass,pass,pass,pass,pass,clean-candidate,high,,,,devise → «придумати»; definition (use one's intellect to plan or design something) is accurate; verb POS matches.
SB-1101,specimen,n.,зразок,"Окремий екземпляр, який представляє клас; приклад.",pass,pass,pass,pass,pass,pass,pass,pass,pass,clean-candidate,high,,,,specimen → «зразок»; definition (a single instance representing a class; an example) is accurate; noun POS matches.
SB-1047,secular,adj.,світський,"Не особливо релігійний; світський або цивільний, на відміну від духовного.",pass,pass,pass,pass,pass,pass,pass,pass,pass,clean-candidate,high,,,,secular → «світський»; definition (not especially religious; worldly/civil vs spiritual) is accurate; adjective POS matches.
SB-0779,mobility,n.,мобільність,Здатність до пересування; здатність до руху.,pass,pass,pass,pass,pass,pass,pass,pass,pass,clean-candidate,high,,,,mobility → «мобільність»; definition (ability to move or be moved) is accurate; noun POS matches.
SB-1463,partnership,word family,партнерство,Об’єднання двох або більше осіб для ведення бізнесу.,pass,pass,pass,pass,pass,pass,pass,pass,pass,clean-candidate,high,,,,partnership → «партнерство»; definition (association of two or more persons to run a business) is accurate; noun POS matches.
SB-1345,individual,word family,окремий; індивідуальний; особа,"Людина, яку вважають самотньою, а не приналежною до групи людей.",flag,pass,pass,pass,pass,pass,pass,flag,pass,P2,medium,mistranslation-in-definition,definitionUa,"Людина, яку розглядають окремо, а не як частину групи людей.","individual gloss «окремий; особа» is right, but the definition renders 'considered singly' as «яку вважають самотньою» (considered lonely), which shifts the meaning to loneliness."
SB-0877,plunge,v.,зануритися,"Пірнати, стрибати або кидатися (у воду або якусь рідину); занурюватися.",pass,pass,pass,pass,pass,pass,pass,pass,pass,clean-candidate,high,,,,"plunge → «зануритися»; definition (dive, jump or throw oneself into water/liquid; submerge) is accurate; verb POS matches."
SB-0756,merchant,n.,купець,"Людина, яка торгує товарами з метою отримання прибутку.",pass,pass,pass,pass,pass,pass,pass,pass,pass,clean-candidate,high,,,,merchant → «купець»; definition (a person who trades goods for profit) is accurate; noun POS matches.
SB-1397,focus,word family,фокус,Концентрація уваги.,pass,pass,pass,pass,pass,pass,pass,pass,pass,clean-candidate,high,,,,focus → «фокус»; definition (concentration of attention) is accurate; noun POS matches.
SB-1316,analysis,word family,аналіз,"Розкладання на компоненти з метою вивчення (складна річ, концепція, теорія тощо).",pass,pass,pass,pass,pass,pass,pass,pass,pass,clean-candidate,high,,,,analysis → «аналіз»; definition (breaking a complex thing into components for study) is accurate; noun POS matches.
SB-1254,upcoming,adj.,майбутній,Відбудеться або з'явиться у відносно близькому майбутньому.,pass,pass,pass,pass,pass,pass,pass,pass,pass,clean-candidate,high,,,,upcoming → «майбутній»; definition (happening or appearing in the relatively near future) is accurate; adjective POS matches.
SB-1436,contribution,word family,внесок,"Щось дане або запропоноване, що додає до більшого цілого.",pass,pass,pass,pass,pass,pass,pass,pass,pass,clean-candidate,high,,,,contribution → «внесок»; definition (something given that adds to a larger whole) is accurate; noun POS matches.
SB-1223,trailer,n.,трейлер,"Безмоторний колісний транспортний засіб (не караван або кемпер), який буксирується позаду іншого та використовується для перевезення обладнання тощо, яке не можна перевозити на передньому транспортному засобі.",pass,pass,pass,pass,pass,pass,pass,pass,pass,clean-candidate,high,,,,trailer → «трейлер»; definition (an unpowered wheeled vehicle towed behind another to carry equipment) is accurate; noun POS matches.
SB-0534,fundraising,n.,збір коштів,Процес збору грошей шляхом запитів пожертвувань від приватних осіб і компаній.,pass,pass,pass,pass,pass,pass,pass,pass,pass,clean-candidate,high,,,,fundraising → «збір коштів»; definition (raising money by soliciting donations from individuals and companies) is accurate; noun POS matches.
SB-1242,trustee,n.,довірена особа,"Особа, якій юридично передано майно в довірчу власність, що використовується або на користь певних осіб (бенефіціарів), або для суспільних потреб; той, кому довірено майно на користь іншого.",pass,pass,pass,pass,pass,pass,pass,pass,pass,clean-candidate,high,,,,trustee → «довірена особа»; definition (one holding property in trust for beneficiaries) is accurate; noun POS matches.
SB-1151,sue,v.,судитися,"Подати судовий позов проти когось, як правило, некримінальний (цивільний) позов.",pass,pass,pass,pass,pass,pass,pass,pass,pass,clean-candidate,high,,,,"sue → «судитися»; definition (bring a legal, usually civil, action against someone) is accurate; verb POS matches."
SB-0358,desktop,n.,робочий стіл,"Основний графічний інтерфейс користувача операційної системи, зазвичай відображає значки, вікна та фонові шпалери.",pass,pass,pass,pass,pass,pass,pass,pass,pass,clean-candidate,high,,,,"desktop → «робочий стіл»; definition (the main GUI of an OS showing icons, windows and wallpaper) is accurate; noun POS matches."
SB-1410,previous,word family,попередній,"попередній; що відбувається перед чимось іншим, у часі чи порядку.",pass,pass,pass,pass,pass,pass,pass,pass,pass,clean-candidate,medium,,,,previous → «попередній»; definition (occurring before something else in time or order) is accurate; leading restatement of the gloss is trivial.
SB-0466,essence,n.,суть,Внутрішня природа речі або ідеї.,pass,pass,pass,pass,pass,pass,pass,pass,pass,clean-candidate,high,,,,essence → «суть»; definition (the intrinsic nature of a thing or idea) is accurate; noun POS matches.
SB-1557,external,word family,зовнішній,Поза чим-небудь; на зовнішній вигляд.,pass,pass,pass,pass,pass,pass,pass,pass,pass,clean-candidate,medium,,,,external → «зовнішній»; definition (outside of something; on the exterior) conveys the sense; adjective POS matches.
SB-1288,warehouse,n.,склад,"Місце для зберігання великої кількості продуктів. У логістиці це місце, куди продукти надходять від виробника до роздрібного продавця.",pass,pass,pass,pass,pass,pass,pass,pass,pass,clean-candidate,high,,,,warehouse → «склад»; definition (a place for storing large quantities of goods in logistics) is accurate; noun POS matches.
SB-1415,regulations,word family,нормативні акти,"Закон або адміністративне правило, видане організацією, яке використовується для керівництва чи приписування поведінки членів цієї організації.",pass,pass,pass,pass,pass,pass,pass,pass,pass,clean-candidate,high,,,,regulations → «нормативні акти»; definition (a rule issued by an organisation to guide members' conduct) is accurate; plural noun POS matches.
SB-1072,simulation,n.,моделювання,"Щось, що імітує систему чи середовище, щоб передбачити реальну поведінку.",pass,pass,pass,pass,pass,pass,pass,pass,pass,clean-candidate,high,,,,simulation → «моделювання»; definition (something imitating a system to predict real behaviour) is accurate; noun POS matches.
SB-0704,liberation,n.,звільнення,Акт звільнення або стан звільнення.,pass,pass,pass,pass,pass,pass,pass,pass,pass,clean-candidate,medium,,,,liberation → «звільнення»; definition (the act or state of liberating) is near-circular but not misleading; noun POS matches.
SB-1202,thought-provoking,adj.,що спонукає до роздумів,"Цікавий у такий спосіб, що ставить під сумнів чиїсь переконання, погляди чи точку зору.",pass,pass,pass,pass,pass,pass,pass,pass,pass,clean-candidate,high,,,,thought-provoking → «що спонукає до роздумів»; definition (interesting in a way that challenges one's beliefs/views) is accurate; adjective POS matches.
SB-0729,mainland,n.,материк,"Континент; основна земля, на відміну від островів або півострова.",pass,pass,pass,pass,pass,pass,pass,pass,pass,clean-candidate,high,,,,mainland → «материк»; definition (a continent; the main land as opposed to islands or a peninsula) is accurate; noun POS matches.
SB-1133,strive,v.,прагнути,Намагатися досягти результату; докладати напружених зусиль; намагатися щиро й наполегливо.,pass,pass,pass,pass,pass,pass,pass,pass,pass,clean-candidate,high,,,,"strive → «прагнути»; definition (make strenuous, earnest and persistent efforts to achieve a result) is accurate; verb POS matches."
SB-0894,prejudice,n.,упередження,"Негативне судження чи думка, сформовані заздалегідь або без знання фактів.",pass,pass,pass,pass,pass,pass,pass,pass,pass,clean-candidate,high,,,,prejudice → «упередження»; definition (a negative judgement formed in advance without knowledge of the facts) is accurate; noun POS matches.
SB-0587,hostage,n.,заручник,"Особа, захоплена з метою примусити іншу сторону діяти (або утримуватися від дій) певним чином через загрозу заподіяння шкоди заручнику.",pass,pass,pass,pass,pass,pass,pass,pass,pass,clean-candidate,high,,,,hostage → «заручник»; definition (a person seized to compel another party to act via threat of harm) is accurate; noun POS matches.
SB-1457,link,word family,посилання,"Зв’язок між місцями, людьми, подіями, речами чи ідеями.",pass,pass,pass,pass,pass,pass,pass,pass,pass,clean-candidate,medium,,,,"link → «посилання»; definition (a connection between places, people, events, things or ideas) covers the general 'link' sense; noun POS matches."
SB-0611,incur,v.,понести,"Накликати на себе або піддаватися, особливо чомусь незручному, шкідливому чи обтяжливому; стати відповідальним або підлягати.",pass,pass,pass,pass,pass,pass,pass,pass,pass,clean-candidate,high,,,,"incur → «понести»; definition (bring upon oneself, esp. something harmful or burdensome) is accurate; verb POS matches."
SB-0168,casino,n.,казино,Громадська будівля або зал для азартних ігор.,pass,pass,pass,pass,pass,pass,pass,pass,pass,clean-candidate,high,,,,casino → «казино»; definition (a public building or hall for gambling) is accurate; noun POS matches.
SB-0596,ideology,n.,ідеологія,"Доктрина, філософія, сукупність переконань або принципів, що належать окремій особі чи групі.",pass,pass,pass,pass,pass,pass,pass,pass,pass,clean-candidate,high,,,,"ideology → «ідеологія»; definition (a doctrine, philosophy or set of beliefs of a person or group) is accurate; noun POS matches."
SB-0097,attendance,n.,присутність,Акт відвідування; стан присутності; наявність.,pass,pass,pass,pass,pass,pass,pass,pass,pass,clean-candidate,high,,,,attendance → «присутність»; definition (the act of attending; the state of being present) is accurate; noun POS matches.
SB-0118,bay,n.,затока,"Тіло води (особливо море), яке міститься увігнутою береговою лінією.",pass,flag,pass,pass,pass,flag,pass,pass,pass,P2,medium,literal-calque,definitionUa,"Водойма (особливо частина моря), оточена увігнутою береговою лінією.","bay definition opens «Тіло води», a literal calque of 'body of water'; natural Ukrainian is «водойма». The gloss «затока» itself is correct."
SB-0120,beast,n.,звір,"Тварина, особливо велика або небезпечна наземна хребетна.",pass,pass,pass,pass,pass,pass,pass,pass,pass,clean-candidate,high,,,,"beast → «звір»; definition (an animal, esp. a large or dangerous land vertebrate) is accurate; noun POS matches."
SB-0494,faction,n.,фракція,"Група людей, особливо всередині політичної організації, яка висловлює спільні переконання або думку, відмінну від людей, які не є частиною групи.",pass,pass,pass,pass,pass,pass,pass,pass,pass,clean-candidate,high,,,,"faction → «фракція»; definition (a group, esp. within a political body, sharing a distinct opinion) is accurate; noun POS matches."
SB-0096,attain,v.,досягти,Отримати (об'єкт або бажаний результат).,pass,pass,pass,pass,pass,pass,pass,pass,pass,clean-candidate,high,,,,attain → «досягти»; definition (obtain an object or desired result) is accurate; verb POS matches.
SB-0348,depict,v.,зображувати,"Відобразити щось, використовуючи слова, звуки, зображення чи інші засоби.",pass,pass,pass,pass,pass,pass,pass,pass,pass,clean-candidate,high,,,,"depict → «зображувати»; definition (represent something using words, sounds, images or other means) is accurate; verb POS matches."
SB-0198,cocktail,n.,коктейль,Змішаний алкогольний напій.,pass,pass,pass,pass,pass,pass,pass,pass,pass,clean-candidate,high,,,,cocktail → «коктейль»; definition (a mixed alcoholic drink) is accurate; noun POS matches.
SB-0592,humble,adj.,скромний,"Мати низьку думку про себе; не гордий, зарозумілий або самовпевнений; скромний.",pass,pass,pass,pass,pass,pass,pass,pass,pass,clean-candidate,high,,,,humble → «скромний»; definition (having a low opinion of oneself; not proud or arrogant) is accurate; adjective POS matches.
SB-1576,revenue,word family,дохід,"Загальний дохід, отриманий із певного джерела.",pass,pass,pass,pass,pass,pass,pass,pass,pass,clean-candidate,high,,,,revenue → «дохід»; definition (total income obtained from a particular source) is accurate; noun POS matches.
SB-1750,qualitative,word family,якісний,"Описів або відмінностей, заснованих на певній якості, а не на певній кількості.",pass,pass,pass,pass,pass,pass,pass,pass,pass,clean-candidate,medium,,,,qualitative → «якісний»; definition (of descriptions/differences based on quality rather than quantity) conveys the sense; adjective POS matches.
SB-0114,barrel,n.,бочка,"Кругла (циліндрична) посудина, така як бочка, більша за довжину, ніж завширшки, і опукла в середині, зроблена з держаків, зв’язаних обручами, і має плоскі кінці (голови).",flag,pass,pass,pass,pass,pass,pass,flag,pass,P2,medium,circular-and-wrong-term,definitionUa,"Кругла циліндрична посудина, довша за висотою, ніж завширшки, опукла посередині, зроблена з клепок, скріплених обручами, з плоскими днищами.","barrel definition is near-circular («посудина, така як бочка») and uses «держаків» (handles) where barrel staves are «клепки»."
SB-1722,accommodation,word family,проживання,"Проживання в житлі чи подібних житлових приміщеннях, які надаються мандрівникам у готелях або на круїзних суднах, або ув’язненим тощо.",pass,pass,pass,pass,pass,pass,pass,pass,pass,clean-candidate,high,,,,accommodation → «проживання»; definition (lodging provided to travellers in hotels/cruise ships or to inmates) is accurate; noun POS matches.
SB-1540,alter,word family,змінювати,Щоб змінити форму або структуру.,pass,flag,pass,pass,pass,pass,pass,pass,pass,P2,medium,calqued-infinitive-definition,definitionUa,Змінити форму або структуру.,"alter definition «Щоб змінити форму або структуру» reads as a purpose clause ('in order to change'), a calque of the English infinitive style rather than a definition."
SB-0508,firearm,n.,вогнепальна зброя,"Особиста зброя, яка використовує вибуховий порох для приведення в дію снаряда, який часто виготовляється зі свинцю.",pass,pass,pass,pass,pass,pass,pass,pass,pass,clean-candidate,high,,,,firearm → «вогнепальна зброя»; definition (a personal weapon using explosive powder to propel a projectile) is accurate; noun POS matches.
SB-0792,nationwide,adj.,загальнонаціональний,Поширюється на всю націю.,pass,pass,pass,pass,pass,pass,pass,pass,pass,clean-candidate,high,,,,nationwide → «загальнонаціональний»; definition (extending over the whole nation) is accurate; adjective POS matches.
SB-1755,rigid,word family,жорсткий,"Жорсткий, а не гнучкий.",pass,pass,pass,pass,pass,pass,pass,pass,pass,clean-candidate,medium,,,,"rigid → «жорсткий»; definition (stiff, not flexible) is accurate and contrasts with «гнучкий»; adjective POS matches."
SB-0674,jurisdiction,n.,юрисдикція,"Влада, право чи повноваження тлумачити та застосовувати закон.",pass,pass,pass,pass,pass,pass,pass,pass,pass,clean-candidate,high,,,,jurisdiction → «юрисдикція»; definition (the power or authority to interpret and apply the law) is accurate; noun POS matches.
SB-0297,counselling,n.,консультування,Професійна допомога людині в осмисленні та розв’язанні особистих або психологічних труднощів.,pass,pass,pass,pass,pass,pass,pass,pass,pass,clean-candidate,high,,,,counselling → «консультування»; definition (professional help in understanding and resolving personal difficulties) is accurate; noun POS matches.
SB-0573,harvest,"n., v.",урожай,Принести врожай; жати; підбирати.,pass,pass,pass,pass,pass,pass,pass,pass,pass,clean-candidate,medium,,,,"harvest → «урожай»; definition (bring in a crop; reap; gather) leans to the verb senses, consistent with the n.,v. POS tag."
SB-0172,cattle,n.,худоба,"Домашня тварина виду Bos taurus (корови, бики, бички, воли тощо) та інші копитні ссавці роду Bos.",pass,pass,pass,pass,pass,pass,pass,pass,pass,clean-candidate,high,,,,"cattle → «худоба»; definition (domestic animals of the species Bos taurus and related bovines) is accurate; the Latin binomial is a legitimate scientific name, not language leakage."
SB-0578,heritage,n.,спадщина,"традиція; практика або набір цінностей, які передаються від попередніх поколінь через сім’ї або через інституційну пам’ять.",pass,pass,pass,pass,pass,pass,pass,pass,pass,clean-candidate,high,,,,heritage → «спадщина»; definition (tradition or values passed down from earlier generations) is accurate; noun POS matches.
SB-1544,clause,word family,пункт,"Група слів, яка містить підмет і дієслово; це може бути частиною речення або може становити все речення, залежно від синтаксису в кожному випадку.",pass,pass,pass,pass,pass,pass,flag,pass,pass,P2,medium,ua-definition-sense-mismatch,both,ua: «клауза; підрядне речення» OR definitionUa about a contract/document clause,"clause gloss «пункт» selects the document/contract sense, but the definition describes a grammatical clause (group of words with a subject and verb); the two senses are inconsistent."
SB-0204,collision,n.,зіткнення,"Будь-яка подія, під час якої два або більше тіл діють один на одного за відносно короткий час. При зіткненні фізичний контакт двох тіл не є необхідним.",pass,pass,pass,pass,pass,pass,pass,pass,pass,clean-candidate,high,,,,collision → «зіткнення»; definition (an event where two or more bodies act on each other in a short time) is accurate; noun POS matches.
SB-1322,available,word family,доступний; наявний,Легко доступний.,pass,pass,pass,pass,pass,pass,pass,pass,pass,clean-candidate,medium,,,,available → «доступний; наявний»; definition (readily accessible) is thin/near-circular but not misleading; adjective POS matches.
SB-0313,crush,v.,розчавити,"Натиснути між двома твердими предметами; стискати так, щоб змінити природну форму чи цілісність, або згуртовувати в масу.",pass,pass,pass,pass,pass,pass,pass,pass,pass,clean-candidate,high,,,,"crush → «розчавити»; definition (press between two hard objects, deforming or compacting) is accurate; verb POS matches."
SB-1239,triumph,n.,тріумф,"Переконливий успіх після зусиль, конфлікту або зіткнення з перешкодами; перемога; завоювання.",pass,pass,pass,pass,pass,pass,pass,pass,pass,clean-candidate,high,,,,triumph → «тріумф»; definition (a decisive success after effort or conflict; a victory) is accurate; noun POS matches.
SB-1332,distribution,word family,розподіл; поширення,Акт розповсюдження або стан розповсюдження.,pass,pass,pass,pass,pass,pass,pass,pass,pass,clean-candidate,medium,,,,distribution → «розподіл; поширення»; definition (the act or state of distributing) is near-circular but not misleading; noun POS matches.
SB-1738,erosion,word family,ерозія,"Результат зносу або ерозії, як льодовик на скелі або море на скелі.",pass,pass,pass,pass,pass,pass,pass,pass,pass,clean-candidate,medium,,,,"erosion → «ерозія»; definition (the result of wearing away, e.g. a glacier on rock or the sea on a cliff) conveys the sense despite using the cognate."
SB-0388,dismissal,n.,звільнення,Позбавлення посади; факт або процес звільнення з роботи або позбавлення звання.,pass,pass,pass,pass,pass,pass,pass,pass,pass,clean-candidate,high,,,,dismissal → «звільнення»; definition (removal from a position; the fact or process of being dismissed from work) is accurate; noun POS matches.
SB-0054,alliance,n.,альянс,"Союз або зв’язок інтересів між сім’ями, державами, партіями тощо, особливо між сім’ями за шлюбом і державами за договором, угодою чи союзом.",pass,pass,pass,pass,pass,pass,pass,pass,pass,clean-candidate,high,,,,"alliance → «альянс»; definition (a union or connection of interests between families, states or parties) is accurate; noun POS matches."
SB-0711,line-up,n.,склад учасників; програма,"Склад людей або виконавців, які беруть участь у події, команді чи програмі.",pass,pass,pass,pass,pass,pass,pass,pass,pass,clean-candidate,high,,,,line-up → «склад учасників; програма»; definition (the set of people or performers taking part in an event/team/programme) is accurate; noun POS matches.
SB-0687,lawn,n.,газон,"Земля (зазвичай перед або навколо будинку), вкрита травою, ретельно підкошена.",pass,pass,pass,pass,pass,pass,pass,pass,pass,clean-candidate,high,,,,"lawn → «газон»; definition (grass-covered ground, usually around a house, carefully mown) is accurate; noun POS matches."
SB-0694,legislation,n.,законодавство,"Закон, прийнятий законодавчим або іншим керівним органом.",pass,pass,pass,pass,pass,pass,pass,pass,pass,clean-candidate,high,,,,legislation → «законодавство»; definition (law enacted by a legislative or governing body) is accurate; noun POS matches.
SB-0362,detention,n.,затримання,Тимчасове тримання під вартою або арешт.,pass,pass,pass,pass,pass,pass,pass,pass,pass,clean-candidate,high,,,,detention → «затримання»; definition (temporary custody or arrest) is accurate; noun POS matches.
SB-0551,grave (serious),adj.,серйозний; тяжкий,"Надзвичайно серйозний, небезпечний або такий, що викликає значне занепокоєння.",pass,pass,pass,pass,pass,pass,pass,pass,pass,clean-candidate,high,,,,"grave (serious) → «серйозний; тяжкий»; definition (extremely serious, dangerous or causing significant concern) is accurate; the disambiguation matches; adjective POS correct."
SB-1175,sword,n.,меч,"Довга клинкова зброя з руків’ям і, як правило, навершям і поперечною гардою (разом утворюючи ефес), яка призначена для рубання, удару, рубання та/або рубання.",pass,flag,pass,pass,pass,pass,pass,pass,pass,P2,high,redundant-word-repetition,definitionUa,"...призначена для рубання, колення та удару.","sword definition lists «рубання» three times ('для рубання, удару, рубання та/або рубання'), a redundant repetition; the gloss «меч» is correct."
SB-0513,flee,v.,тікати,Втікати; втекти.,pass,pass,pass,pass,pass,pass,pass,pass,pass,clean-candidate,medium,,,,flee → «тікати»; definition (run away; escape) is accurate though near-circular with the gloss; verb POS matches.
SB-0281,coordination,n.,координація,"Акт координації, який змушує різних людей або речі працювати разом для досягнення мети чи ефекту.",pass,pass,pass,pass,pass,pass,pass,pass,pass,clean-candidate,high,,,,coordination → «координація»; definition (making different people or things work together toward a goal) is accurate; noun POS matches.
SB-0912,prey,n.,здобич,"Жива істота, зазвичай тварина, яку їсть інша жива істота.",pass,pass,pass,pass,pass,pass,pass,pass,pass,clean-candidate,high,,,,"prey → «здобич»; definition (a living creature, usually an animal, eaten by another) is accurate; noun POS matches."
SB-0740,marine,adj.,морський,Приналежність або характеристика моря; існуючі або знайдені в морі; утворені або вироблені морем.,pass,pass,pass,pass,pass,pass,pass,pass,pass,clean-candidate,high,,,,marine → «морський»; definition (belonging to or characteristic of the sea) is accurate; adjective POS matches.
SB-0671,isolation,n.,ізоляція,"Стан ізольованості, відчуженості або відокремленості; стан віддаленості від інших людей.",pass,pass,pass,pass,pass,pass,pass,pass,pass,clean-candidate,high,,,,"isolation → «ізоляція»; definition (the state of being isolated, separated or remote from others) is accurate; noun POS matches."
SB-1144,substitution,n.,заміна,Акт заміщення або стан заміщення.,pass,pass,pass,pass,pass,pass,pass,pass,pass,clean-candidate,medium,,,,substitution → «заміна»; definition (the act or state of substituting) is near-circular but not misleading; noun POS matches.
SB-0242,confine,v.,обмежити,Обмежити (когось або щось) певною сферою чи областю; зберігати в певних межах.,pass,pass,pass,pass,pass,pass,pass,pass,pass,clean-candidate,high,,,,confine → «обмежити»; definition (restrict someone/something to a certain area; keep within limits) is accurate; verb POS matches.
SB-0430,eligible,adj.,придатний,Дозвіл і відповідність необхідним умовам для участі в чомусь або бути обраним для чогось,pass,pass,pass,pass,pass,pass,pass,pass,pass,clean-candidate,medium,,,,eligible → «придатний»; definition (permitted and meeting required conditions to take part or be chosen) conveys the sense; adjective POS matches.
SB-0751,melody,n.,мелодія,"Послідовність нот, що складає музичну фразу.",pass,pass,pass,pass,pass,pass,pass,pass,pass,clean-candidate,high,,,,melody → «мелодія»; definition (a sequence of notes making up a musical phrase) is accurate; noun POS matches.
SB-0821,odds,n.,шанси,"Відношення ймовірності події до ймовірності того, що вона не відбудеться.",pass,pass,pass,pass,pass,pass,pass,pass,pass,clean-candidate,high,,,,odds → «шанси»; definition (the ratio of the probability of an event to that of its not occurring) is accurate; noun POS matches.
SB-0987,remainder,n.,залишок,"Частина або частини, що залишилися після того, як деякі були видалені або вже виникли.",pass,pass,pass,pass,pass,pass,pass,pass,pass,clean-candidate,medium,,,,remainder → «залишок»; definition (the part(s) left after some were removed) is accurate; noun POS matches.
SB-1131,strip (long narrow piece),n.,смужка (довгий вузький шматок),"Довгий і вузький шматок матеріалу, землі або іншої поверхні.",pass,pass,pass,pass,pass,pass,pass,pass,pass,clean-candidate,high,,,,"strip → «смужка»; definition (a long, narrow piece of material, land or other surface) is accurate; the disambiguation matches; noun POS correct."
SB-0134,bleed,v.,кровоточити,Пролити кров через ушкоджену кровоносну судину.,pass,pass,pass,pass,pass,pass,pass,pass,pass,clean-candidate,high,,,,bleed → «кровоточити»; definition (to shed blood through a damaged blood vessel) is accurate; verb POS matches.
SB-0470,evoke,v.,викликати,"Викликати прояв чогось (емоції, картини тощо) в чиємусь розумі чи уяві.",pass,pass,pass,pass,pass,pass,pass,pass,pass,clean-candidate,high,,,,evoke → «викликати»; definition (bring a manifestation of something to mind or imagination) is accurate; verb POS matches.
SB-0132,blade,n.,лезо,"Частина ножа, меча, бритви чи іншого інструменту (як правило, з гострим краєм), яким вона ріже.",pass,pass,pass,pass,pass,pass,pass,pass,pass,clean-candidate,high,,,,"blade → «лезо»; definition (the cutting part of a knife, sword, razor or tool) is accurate; noun POS matches."
SB-0252,consecutive,adj.,послідовний,"Слідом, по черзі, без перерви.",pass,pass,pass,pass,pass,pass,pass,pass,pass,clean-candidate,high,,,,"consecutive → «послідовний»; definition (following one after another, in turn, without a break) is accurate; adjective POS matches."
SB-1456,layer,word family,шар,"Одна товщина якогось матеріалу, що покриває поверхню.",pass,pass,pass,pass,pass,pass,pass,pass,pass,clean-candidate,high,,,,layer → «шар»; definition (one thickness of a material covering a surface) is accurate; noun POS matches.
SB-0115,bass1,n.,бас (низький звук; басовий інструмент),Низький за висотою звук або музичний інструмент чи голос із низьким регістром.,pass,pass,pass,pass,pass,pass,pass,pass,pass,clean-candidate,high,,,,bass → «бас»; definition (a low-pitched sound or a low-register instrument or voice) is accurate; the disambiguation matches; noun POS correct.
SB-0882,portfolio,n.,портфоліо,"Група інвестицій та інших активів, якими володіє інвестор.",flag,pass,pass,pass,pass,pass,flag,pass,pass,P2,medium,ua-definition-sense-mismatch,ua,портфель (інвестиційний),"portfolio definition describes an investment portfolio, but the gloss «портфоліо» is the creative/works sense; the investment sense in Ukrainian is «(інвестиційний) портфель»."
SB-1520,overall,word family,в цілому,Загалом; з урахуванням усього.,pass,pass,pass,pass,pass,pass,pass,pass,pass,clean-candidate,high,,,,overall → «в цілому»; definition (in general; taking everything into account) is accurate; adverb POS matches.
SB-1115,stabilize,v.,стабілізувати,Зробити стабільним.,pass,pass,pass,pass,pass,pass,pass,pass,pass,clean-candidate,high,,,,stabilize → «стабілізувати»; definition (to make stable) is accurate; verb POS matches.
SB-1661,phenomenon,word family,явище,"Річ або істота, подія або процес, що сприймаються органами чуття; або факт чи подія цього.",pass,pass,pass,pass,pass,pass,pass,pass,pass,clean-candidate,high,,,,"phenomenon → «явище»; definition (a thing, event or process perceived by the senses) is accurate; noun POS matches."
SB-0446,endorse,v.,схвалити,"Виражати підтримку чи схвалення, особливо офіційно чи публічно; надати індосамент.",pass,pass,pass,pass,pass,pass,pass,pass,pass,clean-candidate,medium,,,,"endorse → «схвалити»; definition (express support/approval, esp. officially; give an endorsement) is accurate; verb POS matches."
SB-0016,accountable,adj.,підзвітний,"Зобов'язаний, коли його покличуть, відповідати (за свої вчинки); відповідальний.",pass,pass,pass,pass,pass,pass,pass,pass,pass,clean-candidate,high,,,,accountable → «підзвітний»; definition (obliged to answer for one's actions; responsible) is accurate; adjective POS matches.
SB-1340,financial,word family,фінансовий,Пов'язані з фінансами.,pass,pass,pass,pass,pass,pass,pass,pass,pass,clean-candidate,medium,,,,financial → «фінансовий»; definition (relating to finance) is accurate; adjective POS matches; plural agreement in the gloss-def is trivial.
SB-1554,evolution,word family,еволюція,Процес розвитку.,pass,pass,pass,pass,pass,pass,pass,pass,pass,clean-candidate,high,,,,evolution → «еволюція»; definition (the process of development) is accurate; noun POS matches.
SB-1141,substantial,adj.,істотний,"Великі за розміром, кількістю або вартістю; достатній; значний.",pass,pass,pass,pass,pass,pass,pass,pass,pass,clean-candidate,high,,,,"substantial → «істотний»; definition (large in size, amount or value; considerable) is accurate; adjective POS matches."
SB-1670,thesis,word family,теза,"Розгорнута наукова робота або основне твердження, яке автор обґрунтовує доказами.",pass,pass,pass,pass,pass,pass,pass,pass,pass,clean-candidate,high,,,,thesis → «теза»; definition (an extended scholarly work or a main claim supported by evidence) is accurate; noun POS matches.
SB-0036,adoption,n.,усиновлення,Стан усиновлення; прийняття дитини інших батьків як власної дитини.,pass,pass,pass,pass,pass,pass,pass,pass,pass,clean-candidate,high,,,,adoption → «усиновлення»; definition (accepting another's child as one's own) is accurate; noun POS matches.
SB-1178,synthesis,n.,синтез,Утворення чогось складного або зв'язного шляхом поєднання більш простих речей.,pass,pass,pass,pass,pass,pass,pass,pass,pass,clean-candidate,high,,,,synthesis → «синтез»; definition (forming something complex by combining simpler things) is accurate; noun POS matches.
SB-1580,transition,word family,перехід,"Процес зміни однієї форми, стану, стилю чи місця в інше.",pass,pass,pass,pass,pass,pass,pass,pass,pass,clean-candidate,high,,,,"transition → «перехід»; definition (the process of changing from one form, state or place to another) is accurate; noun POS matches."
SB-0026,acute,adj.,гострий,інтенсивний; чутливий; різкий.,pass,pass,pass,pass,pass,pass,pass,pass,pass,clean-candidate,high,,,,acute → «гострий»; definition (intense; keen; sharp) is accurate; adjective POS matches.
SB-0610,inclusion,n.,включення,"Акт включення, тобто додавання або анексування (чогось) до групи, набору або сукупності.",pass,pass,pass,pass,pass,pass,pass,pass,pass,clean-candidate,high,,,,"inclusion → «включення»; definition (the act of including, i.e. adding something to a group or set) is accurate; noun POS matches."
SB-0205,colonial,adj.,колоніальний,З колонії або відноситься до неї.,pass,pass,pass,pass,pass,pass,pass,pass,pass,clean-candidate,high,,,,colonial → «колоніальний»; definition (of or relating to a colony) is accurate; adjective POS matches.
SB-1566,monitoring,word family,моніторинг,"Здійснення спостереження за навколишнім середовищем чи людьми або безперервне чи регулярне спостереження за ними з метою виявлення сигналів, рухів або змін стану чи якості.",pass,pass,pass,pass,pass,pass,pass,pass,pass,clean-candidate,high,,,,monitoring → «моніторинг»; definition (continuous or regular observation to detect signals or changes) is accurate; noun POS matches.
SB-0581,hint,"n., v.",підказка,Мати на увазі без прямого твердження; щоб надати підказку.,pass,pass,pass,pass,pass,pass,pass,pass,pass,clean-candidate,medium,,,,"hint → «підказка»; definition (to imply without direct statement; to give a clue) covers the n.,v. senses; POS tag matches."
SB-0654,interfere,v.,заважати,"Вплутуватися або втягуватись, завдаючи занепокоєння.",pass,pass,pass,pass,pass,pass,pass,pass,pass,clean-candidate,high,,,,interfere → «заважати»; definition (to involve oneself in a way that causes disturbance) is accurate; verb POS matches.
SB-0222,competence,n.,компетентність,"Якість або стан компетентності, тобто здатності або придатності для виконання загальної ролі.",pass,pass,pass,pass,pass,pass,pass,pass,pass,clean-candidate,high,,,,competence → «компетентність»; definition (the quality or state of being competent; ability to perform a role) is accurate; noun POS matches.
SB-1610,index,word family,індекс,Алфавітний список предметів і їх розташування.,pass,pass,pass,pass,pass,pass,pass,pass,pass,clean-candidate,high,,,,index → «індекс»; definition (an alphabetical list of items and their location) is accurate; noun POS matches.
SB-0631,insider,n.,інсайдер,"Особа, яка володіє спеціальними знаннями про внутрішню роботу групи, організації чи установи.",pass,pass,pass,pass,pass,pass,pass,pass,pass,clean-candidate,high,,,,insider → «інсайдер»; definition (a person with special knowledge of a group's inner workings) is accurate; noun POS matches.
SB-1649,global,word family,глобальний,Щодо всіх частин світу.,pass,pass,pass,pass,pass,pass,pass,pass,pass,clean-candidate,high,,,,global → «глобальний»; definition (relating to all parts of the world) is accurate; adjective POS matches.
SB-0253,consensus,n.,консенсус,"Загальна згода між членами певної групи чи спільноти, кожен член якої має певну свободу дій у прийнятті рішень і подальших діях.",pass,pass,pass,pass,pass,pass,pass,pass,pass,clean-candidate,high,,,,consensus → «консенсус»; definition (general agreement among members of a group) is accurate; noun POS matches.
SB-0685,laser,n.,лазер,"Пристрій, який створює монохроматичний когерентний пучок світла.",pass,pass,pass,pass,pass,pass,pass,pass,pass,clean-candidate,high,,,,laser → «лазер»; definition (a device producing a monochromatic coherent beam of light) is accurate; noun POS matches.
SB-0693,legendary,adj.,легендарний,"Маючи неймовірну велич; чудовий до такої міри, щоб викликати історії.",pass,pass,pass,pass,pass,pass,pass,pass,pass,clean-candidate,medium,,,,legendary → «легендарний»; definition (having incredible greatness; remarkable enough to give rise to stories) conveys the sense; adjective POS matches.
SB-0257,consolidate,v.,консолідувати,Об'єднати в єдине ціле; щоб об’єднатися або приєднатися.,pass,pass,pass,pass,pass,pass,pass,pass,pass,clean-candidate,high,,,,consolidate → «консолідувати»; definition (to combine into a single whole; to unite or join) is accurate; verb POS matches.
SB-1498,debate,word family,дебати,"Аргумент або дискусія, як правило, в упорядкованій або офіційній обстановці, часто за участю більше двох осіб, яка зазвичай закінчується голосуванням або іншим рішенням.",pass,pass,pass,pass,pass,pass,pass,pass,pass,clean-candidate,high,,,,"debate → «дебати»; definition (an argument or discussion in an orderly or formal setting, often ending in a vote) is accurate; noun POS matches."
SB-1430,circumstances,word family,обставини,"Умови та факти, які впливають на ситуацію або подію.",pass,pass,pass,pass,pass,pass,pass,pass,pass,clean-candidate,high,,,,circumstances → «обставини»; definition (the conditions and facts affecting a situation or event) is accurate; plural noun POS matches.
SB-1414,region,word family,область,"Будь-яка значна і зв'язана частина простору або поверхні; зокрема, ділянка землі чи моря значної, але невизначеної протяжності; країна; район;",pass,pass,pass,pass,pass,pass,pass,pass,pass,clean-candidate,high,,,,"region → «область»; definition (a significant, connected part of space or surface; a tract of land) is accurate; noun POS matches."
SB-0076,arbitrary,adj.,довільний,"На основі особистого розсуду чи судження; не ґрунтуючись на будь-якій об’єктивній відмінності, можливо, навіть зробленій навмання.",pass,pass,pass,pass,pass,pass,pass,pass,pass,clean-candidate,high,,,,"arbitrary → «довільний»; definition (based on personal discretion, not on objective distinction) is accurate; adjective POS matches."
SB-0160,calculation,n.,розрахунок,Акт або процес обчислення.,pass,pass,pass,pass,pass,pass,pass,pass,pass,clean-candidate,high,,,,calculation → «розрахунок»; definition (the act or process of calculating) is accurate; noun POS matches.
SB-1060,set-up,n.,установка,"Спосіб організації або комплект обладнання, підготовлений для певної мети.",pass,pass,pass,pass,pass,pass,pass,pass,pass,clean-candidate,high,,,,set-up → «установка»; definition (a way of organising or a set of equipment prepared for a purpose) is accurate; noun POS matches.
SB-0895,preliminary,adj.,попередній,"При підготовці до основної справи; початковий, вступний, підготовчий.",pass,pass,pass,pass,pass,pass,pass,pass,pass,clean-candidate,high,,,,"preliminary → «попередній»; definition (in preparation for the main matter; initial, introductory) is accurate; adjective POS matches."
SB-1330,definition,word family,визначення,"Виклад значення слова, групи слів, знака чи символу; особливо словникове визначення.",pass,pass,pass,pass,pass,pass,pass,pass,pass,clean-candidate,high,,,,definition → «визначення»; definition (a statement of the meaning of a word or symbol; a dictionary definition) is accurate; noun POS matches.
SB-0757,mercy,n.,милосердя,"Прощення або співчуття, особливо до тих, кому пощастило менше.",pass,pass,pass,pass,pass,pass,pass,pass,pass,clean-candidate,high,,,,"mercy → «милосердя»; definition (forgiveness or compassion, esp. toward the less fortunate) is accurate; noun POS matches."
SB-1066,shipping,n.,доставка,Перевезення вантажів.,pass,pass,pass,pass,pass,pass,pass,pass,pass,clean-candidate,high,,,,shipping → «доставка»; definition (the transport of goods) is accurate; noun POS matches.
SB-1509,implications,word family,наслідки,Можливий або непрямий ефект або результат рішення чи дії.,pass,pass,pass,pass,pass,pass,pass,pass,pass,clean-candidate,high,,,,implications → «наслідки»; definition (a possible or indirect effect or result of a decision or action) is accurate; plural noun POS matches.
SB-0765,migration,n.,міграція,Випадок переїзду на деякий час жити в інше місце.,pass,pass,pass,pass,pass,pass,pass,pass,pass,clean-candidate,high,,,,migration → «міграція»; definition (an instance of moving to live elsewhere for a time) is accurate; noun POS matches.
SB-1302,widen,v.,розширити,Зробити широким або ширшим.,pass,pass,pass,pass,pass,pass,pass,pass,pass,clean-candidate,high,,,,widen → «розширити»; definition (to make wide or wider) is accurate; verb POS matches.
SB-1184,tempt,v.,спокусити,"Спровокувати когось на неправоту, особливо обіцяючи винагороду; заманювати.",pass,pass,pass,pass,pass,pass,pass,pass,pass,clean-candidate,high,,,,"tempt → «спокусити»; definition (to provoke someone toward wrongdoing, esp. by promising reward; to lure) is accurate; verb POS matches."
SB-1466,proportion,word family,пропорція,"Кількість чогось, що є частиною цілої суми або числа.",pass,pass,pass,pass,pass,pass,pass,pass,pass,clean-candidate,high,,,,proportion → «пропорція»; definition (an amount that is a part of a whole sum or number) is accurate; noun POS matches.
SB-1582,version,word family,версія,Певна форма або варіація чогось.,pass,pass,pass,pass,pass,pass,pass,pass,pass,clean-candidate,high,,,,version → «версія»; definition (a particular form or variation of something) is accurate; noun POS matches.
SB-1497,cycle,word family,цикл,"Процес, який повертається до свого початку, а потім повторюється в тій же послідовності.",pass,pass,pass,pass,pass,pass,pass,pass,pass,clean-candidate,high,,,,cycle → «цикл»; definition (a process that returns to its start and repeats in the same sequence) is accurate; noun POS matches.
SB-0370,dictator,n.,диктатор,"Тоталітарний лідер країни, нації чи уряду.",pass,pass,pass,pass,pass,pass,pass,pass,pass,clean-candidate,high,,,,dictator → «диктатор»; definition (a totalitarian leader of a country or government) is accurate; noun POS matches.
SB-0078,archive,n.,архів,"Місце для зберігання раннього, а часто й історичного матеріалу. Архів зазвичай містить документи (листи, записи, газети тощо) або інші типи носіїв, які зберігаються для історичного інтересу.",pass,pass,pass,pass,pass,pass,pass,pass,pass,clean-candidate,high,,,,archive → «архів»; definition (a place storing historical documents or media kept for historical interest) is accurate; noun POS matches.
SB-0122,beloved,adj.,коханий,"Дуже любив, ніжно любив.",pass,pass,pass,flag,pass,pass,pass,pass,pass,P2,medium,pos-mismatch-in-definition,definitionUa,"Той, кого дуже люблять; ніжно улюблений.","beloved (adj) is defined with past-tense verb forms «Дуже любив, ніжно любив» ('loved'), a POS mismatch; an adjectival definition is needed."
SB-1118,stark,adj.,разючий; суворий,"Простий на вигляд; безплідний, безлюдний.",pass,pass,pass,pass,pass,pass,pass,pass,pass,clean-candidate,high,,,,"stark → «разючий; суворий»; definition (plain-looking; barren, desolate) is accurate; adjective POS matches."
SB-1459,maximum,word family,максимум,Найвища межа.,pass,pass,pass,pass,pass,pass,pass,pass,pass,clean-candidate,high,,,,maximum → «максимум»; definition (the highest limit) is accurate; noun POS matches.
SB-0376,dip,v.,занурювати; опускатися,Опустити в рідину.,pass,pass,pass,pass,pass,pass,pass,pass,pass,clean-candidate,high,,,,dip → «занурювати; опускатися»; definition (to lower into a liquid) is accurate; verb POS matches.
SB-0337,deficit,n.,дефіцит,"Ситуація, коли або сума, за якої витрати перевищують (наприклад, державні) доходи.",pass,pass,pass,pass,pass,pass,pass,pass,pass,clean-candidate,medium,,,,deficit → «дефіцит»; definition (a situation/amount where expenditure exceeds income) conveys the sense despite slightly awkward phrasing; noun POS matches.
SB-1229,transparency,n.,прозорість,відкритість; доступність для перевірки.,pass,pass,pass,pass,pass,pass,pass,pass,pass,clean-candidate,high,,,,transparency → «прозорість»; definition (openness; availability for inspection) is accurate; noun POS matches.
SB-1563,medical,word family,медичний,Про медичну практику або пов’язану з нею.,pass,pass,pass,pass,pass,pass,pass,pass,pass,clean-candidate,high,,,,medical → «медичний»; definition (of or relating to the practice of medicine) is accurate; adjective POS matches.
SB-1057,separation,n.,розділення,Акт роз'єднання двох або більше речей або умова роз'єднання.,pass,pass,pass,pass,pass,pass,pass,pass,pass,clean-candidate,high,,,,"separation → «розділення»; definition (the act of separating two or more things, or the condition of being separated) is accurate; noun POS matches."
SB-0211,commerce,n.,комерція,Обмін або купівля-продаж товарів; особливо великомасштабний обмін товарами між різними місцями чи спільнотами; розширена торгівля або рух.,pass,pass,pass,pass,pass,pass,pass,pass,pass,clean-candidate,high,,,,"commerce → «комерція»; definition (the exchange or buying and selling of goods, esp. large-scale trade) is accurate; noun POS matches."
SB-1712,schedule,word family,графік,"Процедурний план, як правило, але не обов’язково табличного характеру, із зазначенням послідовності операцій і запланованого часу, коли ці операції мають виконуватися.",pass,pass,pass,pass,pass,pass,pass,pass,pass,clean-candidate,high,,,,schedule → «графік»; definition (a procedural plan giving the sequence of operations and their planned times) is accurate; noun POS matches.
SB-0393,disrupt,v.,порушувати,Ввести в замішання або безлад.,pass,pass,pass,pass,pass,pass,pass,pass,pass,clean-candidate,high,,,,disrupt → «порушувати»; definition (to throw into confusion or disorder) is accurate; verb POS matches.
SB-1521,parallel,word family,паралельний,У всіх точках однаково віддалені один від одного.,pass,pass,pass,pass,pass,pass,pass,pass,pass,clean-candidate,high,,,,parallel → «паралельний»; definition (equidistant at all points) is accurate; adjective POS matches.
SB-1380,chapter,word family,розділ,"Один із основних розділів, на який поділяється опублікований твір, особливо книга.",pass,pass,pass,pass,pass,pass,pass,pass,pass,clean-candidate,high,,,,"chapter → «розділ»; definition (one of the main divisions of a published work, esp. a book) is accurate; noun POS matches."
SB-0335,defensive,adj.,оборонний,"Що стосується захисту, на відміну від нападу.",pass,pass,pass,pass,pass,pass,pass,pass,pass,clean-candidate,high,,,,"defensive → «оборонний»; definition (relating to defence, as opposed to attack) is accurate; adjective POS matches."
SB-1366,significant,word family,значний; суттєвий,Має помітний або великий ефект.,pass,pass,pass,pass,pass,pass,pass,pass,pass,clean-candidate,high,,,,significant → «значний; суттєвий»; definition (having a noticeable or large effect) is accurate; adjective POS matches.
SB-1031,rotation,n.,обертання,Акт повороту навколо центру або осі.,pass,pass,pass,pass,pass,pass,pass,pass,pass,clean-candidate,high,,,,rotation → «обертання»; definition (the act of turning around a centre or axis) is accurate; noun POS matches.
SB-0719,long-standing,adj.,давній,Існуючи тривалий час; тривалого існування.,pass,pass,pass,pass,pass,pass,pass,pass,pass,clean-candidate,high,,,,long-standing → «давній»; definition (existing for a long time; of long existence) is accurate; adjective POS matches.
SB-0499,fate,n.,доля,"Передбачувана причина, сила, принцип або божественна воля, яка визначає події.",pass,pass,pass,pass,pass,pass,pass,pass,pass,clean-candidate,high,,,,fate → «доля»; definition (a supposed force or divine will determining events) is accurate; noun POS matches.
SB-0387,discrimination,n.,дискримінація,"Диференційоване ставлення до окремої особи чи групи в невигідну для них сторону; ставлення або увага на основі класу чи категорії, а не індивідуальних заслуг; упередженість; упередження; фанатизм.",pass,pass,pass,pass,pass,pass,pass,pass,pass,clean-candidate,high,,,,"discrimination → «дискримінація»; definition (differential, disadvantageous treatment of a person or group by class/category) is accurate; noun POS matches."
SB-0305,crawl,v.,повзати,Повзати; повільно рухатися на руках і колінах або волочачи тіло по землі.,pass,pass,pass,pass,pass,pass,pass,pass,pass,clean-candidate,medium,,,,crawl → «повзати»; definition (to move slowly on hands and knees or dragging the body) is accurate though it restates the gloss; verb POS matches.
SB-1617,lecture,word family,лекція,"Розмовний урок або експозиція, як правило, для групи.",pass,pass,pass,pass,pass,pass,pass,pass,pass,clean-candidate,medium,,,,"lecture → «лекція»; definition (a spoken lesson or exposition, usually to a group) conveys the sense; noun POS matches."
SB-0774,miracle,n.,чудо,"Подія, яка здається незрозумілою за законами природи і тому вважається надприродною за походженням.",pass,pass,pass,pass,pass,pass,pass,pass,pass,clean-candidate,high,,,,miracle → «чудо»; definition (an event inexplicable by natural law and thus deemed supernatural) is accurate; noun POS matches.
SB-1158,supervision,n.,нагляд,Акт або випадок нагляду.,pass,pass,pass,pass,pass,pass,pass,pass,pass,clean-candidate,medium,,,,supervision → «нагляд»; definition (the act or instance of supervising) is near-circular but not misleading; noun POS matches.
SB-0943,psychiatric,adj.,психіатричний,Психіатрія або пов'язана з нею.,pass,pass,pass,pass,pass,pass,pass,pass,pass,clean-candidate,medium,,,,psychiatric → «психіатричний»; definition (of or relating to psychiatry) is accurate; adjective POS matches.
SB-0537,gambling,n.,азартні ігри,"Діяльність, що характеризується балансом між виграшем і програшем, що регулюється сумішшю навичок і випадковості, як правило, із ставкою на результат.",pass,pass,pass,pass,pass,pass,pass,pass,pass,clean-candidate,high,,,,"gambling → «азартні ігри»; definition (an activity balancing winning and losing, governed by skill and chance, with a stake) is accurate; noun POS matches."
SB-0648,intensify,v.,посилити,Стати інтенсивним або більш інтенсивним; діяти зі зростаючою силою чи енергією.,pass,pass,pass,pass,pass,pass,pass,pass,pass,clean-candidate,high,,,,intensify → «посилити»; definition (to become or make intense or more intense) is accurate; verb POS matches.
SB-0444,endeavour,n.,зусилля,Серйозна або наполеглива спроба досягти певної мети.,pass,pass,pass,pass,pass,pass,pass,pass,pass,clean-candidate,high,,,,endeavour → «зусилля»; definition (an earnest or persistent attempt to achieve a goal) is accurate; noun POS matches.
SB-0001,abolish,v.,скасувати,"Припинення закону, системи, установи, звичаю чи практики.",pass,pass,pass,pass,pass,pass,pass,pass,pass,clean-candidate,medium,,,,"abolish → «скасувати»; definition (the ending of a law, system, institution, custom or practice) conveys the sense though framed nominally; verb gloss correct."
SB-0408,dose,n.,доза,"Відміряна порція ліків, прийнята в будь-який час.",pass,pass,pass,pass,pass,pass,pass,pass,pass,clean-candidate,high,,,,dose → «доза»; definition (a measured portion of medicine taken at one time) is accurate; noun POS matches.
SB-0993,renew,v.,відновити,Знову робити (щось) нове; для відновлення свіжості або початкового стану.,pass,pass,pass,pass,pass,pass,pass,pass,pass,clean-candidate,high,,,,renew → «відновити»; definition (to make new again; to restore freshness or original condition) is accurate; verb POS matches.
SB-1479,technical,word family,технічний,Технології або пов’язані з ними.,pass,pass,pass,pass,pass,pass,pass,pass,pass,clean-candidate,high,,,,technical → «технічний»; definition (of or relating to technology) is accurate; adjective POS matches.
SB-0107,backdrop,n.,фон,Обстановка або фон розіграної вистави.,pass,pass,pass,pass,pass,pass,pass,pass,pass,clean-candidate,high,,,,backdrop → «фон»; definition (the setting or background of a staged performance) is accurate; noun POS matches.
SB-0520,foreigner,n.,іноземець,Людина з чужої країни.,pass,pass,pass,pass,pass,pass,pass,pass,pass,clean-candidate,high,,,,foreigner → «іноземець»; definition (a person from another country) is accurate; noun POS matches.
SB-0282,coordinator,n.,координатор,"Той, хто або те, що координує.",pass,pass,pass,pass,pass,pass,pass,pass,pass,clean-candidate,high,,,,coordinator → «координатор»; definition (one who or that which coordinates) is accurate; noun POS matches.
SB-0429,elevate,v.,підняти,Підняти (щось) на вищу посаду.,pass,pass,pass,pass,pass,pass,pass,pass,pass,clean-candidate,high,,,,elevate → «підняти»; definition (to raise something to a higher position) is accurate; verb POS matches.
SB-1532,statistics,word family,статистика,"Систематичний збір даних вимірювань або спостережень, часто пов’язаних із демографічною інформацією, такою як підрахунок населення, доходи, підрахунок населення в різному віці тощо.",pass,pass,pass,pass,pass,pass,pass,pass,pass,clean-candidate,high,,,,"statistics → «статистика»; definition (systematic collection of measurement or observation data, often demographic) is accurate; noun POS matches."
SB-0591,humanity,n.,людство,Людство; люди як група.,pass,pass,pass,pass,pass,pass,pass,pass,pass,clean-candidate,high,,,,humanity → «людство»; definition (humankind; people as a group) is accurate; noun POS matches.
SB-1752,relaxed,word family,розслаблений,Вільний від напруги або тривоги; невимушено; неквапливий.,pass,pass,pass,pass,pass,pass,pass,pass,pass,clean-candidate,high,,,,relaxed → «розслаблений»; definition (free from tension or anxiety; at ease; unhurried) is accurate; adjective POS matches.
SB-0479,execute,v.,виконувати,Здійснювати; ввести в дію.,pass,pass,pass,pass,pass,pass,pass,pass,pass,clean-candidate,high,,,,execute → «виконувати»; definition (to carry out; to put into action) selects the IELTS-relevant 'carry out' sense; verb POS matches.
SB-1606,gender,word family,стать,"Ідентифікація як чоловіка, жінки чи чогось іншого та асоціація з (соціальною) роллю або набором поведінкових і культурних рис, одягу тощо; категорія, до якої за цією ознакою належить особа.",pass,pass,pass,pass,pass,pass,pass,pass,pass,clean-candidate,high,,,,gender → «стать»; definition (identification as man/woman/other and the associated social role) is accurate; noun POS matches.
SB-0656,interim,adj.,тимчасовий,Тимчасовий.,pass,pass,pass,pass,pass,pass,pass,pass,pass,clean-candidate,medium,,,,interim → «тимчасовий»; definition (temporary) is thin/near-circular but not misleading; adjective POS matches.
SB-0104,autonomy,n.,автономія,Право або умова самоврядування; свобода діяти або функціонувати незалежно.,pass,pass,pass,pass,pass,pass,pass,pass,pass,clean-candidate,high,,,,autonomy → «автономія»; definition (the right or condition of self-government; freedom to act independently) is accurate; noun POS matches.
SB-0975,refusal,n.,відмова,Акт відмови.,pass,pass,pass,pass,pass,pass,pass,pass,pass,clean-candidate,medium,,,,refusal → «відмова»; definition (the act of refusing) is near-circular but not misleading; noun POS matches.
SB-0847,parish,n.,парафія,"Адміністративна частина єпархії, яка має власну церкву.",pass,pass,pass,pass,pass,pass,pass,pass,pass,clean-candidate,high,,,,parish → «парафія»; definition (an administrative part of a diocese with its own church) is accurate; noun POS matches.
SB-1291,warrior,n.,воїн,"Людина, яка активно бере участь у битві, конфлікті чи війні; солдат чи комбатант.",pass,pass,pass,pass,pass,pass,pass,pass,pass,clean-candidate,high,,,,"warrior → «воїн»; definition (a person actively engaged in battle, conflict or war; a soldier) is accurate; noun POS matches."
SB-0999,reproduce,v.,відтворювати,Для створення або розмноження потомства або організмів статевим або нестатевим шляхом.,pass,pass,pass,pass,pass,pass,pass,pass,pass,clean-candidate,high,,,,reproduce → «відтворювати»; definition (to create offspring or organisms sexually or asexually) is accurate; verb POS matches.
SB-1209,timber,n.,деревина,Дерева в лісі розглядаються як джерело деревини.,pass,pass,pass,pass,pass,pass,pass,pass,pass,clean-candidate,high,,,,timber → «деревина»; definition (trees in a forest regarded as a source of wood) is accurate; noun POS matches.
SB-1235,tribunal,n.,трибунал,"Збори, до складу яких входять один або більше суддів для ведення судових справ; суд.",pass,pass,pass,pass,pass,pass,pass,pass,pass,clean-candidate,high,,,,tribunal → «трибунал»; definition (an assembly of one or more judges to conduct judicial business; a court) is accurate; noun POS matches.
SB-1010,respectively,adv.,відповідно,"У відносний спосіб; часто використовується під час порівняння списків масивів, де цей термін означає, що елементи в списках відповідають один одному в тому порядку, в якому вони вказані.",pass,pass,pass,pass,pass,pass,pass,pass,pass,clean-candidate,high,,,,"respectively → «відповідно»; definition (in a relative manner, matching items in listed order) is accurate; adverb POS matches."
SB-0559,guerrilla,n.,партизан,"Солдат у невеликій незалежній групі, який бореться проти уряду чи регулярних сил шляхом раптових набігів.",pass,pass,pass,pass,pass,pass,pass,pass,pass,clean-candidate,high,,,,guerrilla → «партизан»; definition (a soldier in a small independent group fighting by surprise raids) is accurate; noun POS matches.
SB-0979,regulator,n.,регулятор,"Пристрій, який контролює або обмежує щось.",pass,pass,pass,pass,pass,pass,pass,pass,pass,clean-candidate,high,,,,regulator → «регулятор»; definition (a device that controls or limits something) is accurate; noun POS matches.
SB-0949,quota,n.,квота,"Зазначене число або відсоток, який може служити, наприклад, максимумом, мінімумом або ціллю.",pass,pass,pass,pass,pass,pass,pass,pass,pass,clean-candidate,high,,,,"quota → «квота»; definition (a stated number or percentage serving as a maximum, minimum or target) is accurate; noun POS matches."
SB-1688,detected,word family,виявлено,Будучи поміченим.,pass,pass,pass,pass,pass,pass,pass,pass,pass,clean-candidate,medium,,,,detected → «виявлено»; definition (being noticed) conveys the sense though the gerund phrasing is terse; consistent gloss.
SB-0746,maximize,v.,максимізувати,Зробити якомога більшим.,pass,pass,pass,pass,pass,pass,pass,pass,pass,clean-candidate,high,,,,maximize → «максимізувати»; definition (to make as large as possible) is accurate; verb POS matches.
SB-0833,outing,n.,виїзд,Прогулянка або екскурсія.,pass,pass,pass,pass,pass,pass,pass,pass,pass,clean-candidate,medium,,,,outing → «виїзд»; definition (a walk or excursion) conveys the sense; «прогулянка/вилазка» would also fit; noun POS matches.
SB-0500,favourable,adj.,сприятливий,"Вираження або вказівка ​​на прихильність чи доброзичливість; схвалюючи, заохочуючи.",pass,pass,pass,pass,pass,pass,pass,pass,pass,clean-candidate,high,,,,"favourable → «сприятливий»; definition (expressing or indicating favour; approving, encouraging) is accurate; adjective POS matches."
SB-1244,turnout,n.,явка,"Кількість або частка людей, які відвідують або беруть участь у події (особливо у виборах) або присутні на місці проведення.",pass,pass,pass,pass,pass,pass,pass,pass,pass,clean-candidate,high,,,,"turnout → «явка»; definition (the number or proportion of people attending or participating, esp. in elections) is accurate; noun POS matches."
SB-0065,analogy,n.,аналогія,"Відношення подібності або еквівалентності між двома ситуаціями, людьми чи об’єктами, особливо коли використовується як основа для пояснення чи екстраполяції.",pass,pass,pass,pass,pass,pass,pass,pass,pass,clean-candidate,high,,,,analogy → «аналогія»; definition (a similarity or equivalence between situations used as a basis for explanation) is accurate; noun POS matches.
SB-0435,embed,v.,вбудовувати,Для інкапсуляції в інший документ або файл даних.,pass,pass,pass,pass,pass,pass,pass,pass,pass,clean-candidate,medium,,,,embed → «вбудовувати»; definition (to encapsulate within another document or data file) is accurate for the data sense; verb POS matches.
SB-1076,sketch,n.,ескіз,"Швидко виконаний малюнок від руки, який не передбачається як закінчена робота, часто складається з безлічі ліній, що накладаються один на одного.",pass,pass,pass,pass,pass,pass,pass,pass,pass,clean-candidate,high,,,,"sketch → «ескіз»; definition (a quickly made freehand drawing, not a finished work) is accurate; noun POS matches."
SB-0743,massacre,n.,різанина,"Вбивство значної кількості (зазвичай обмежене людьми), де спротив чинити незначний або взагалі відсутній, із застосуванням невибіркового насильства, без необхідності та/або всупереч цивілізованим нормам.",pass,pass,pass,pass,pass,pass,pass,pass,pass,clean-candidate,high,,,,massacre → «різанина»; definition (the killing of a significant number with little resistance and indiscriminate violence) is accurate; noun POS matches.
SB-0590,humanitarian,adj.,гуманітарний,Що стосується добробуту людей.,pass,pass,pass,pass,pass,pass,pass,pass,pass,clean-candidate,high,,,,humanitarian → «гуманітарний»; definition (relating to human welfare) is accurate; adjective POS matches.
SB-1662,priority,word family,пріоритет,Відносна важливість елемента.,pass,pass,pass,pass,pass,pass,pass,pass,pass,clean-candidate,high,,,,priority → «пріоритет»; definition (the relative importance of an item) is accurate; noun POS matches.
SB-0635,instinct,n.,інстинкт,Природний або вроджений імпульс або поведінка.,pass,pass,pass,pass,pass,pass,pass,pass,pass,clean-candidate,high,,,,instinct → «інстинкт»; definition (a natural or innate impulse or behaviour) is accurate; noun POS matches.
SB-1723,analogous,word family,аналогічний,"Наявність аналога, статус аналога; відповідний чомусь іншому; має певну схожість або схожу пропорцію (часто після «до».)",pass,pass,pass,pass,pass,pass,pass,pass,pass,clean-candidate,high,,,,analogous → «аналогічний»; definition (corresponding to something else; having a similarity or like proportion) is accurate; adjective POS matches.
SB-1686,currency,word family,валюта,"Гроші чи інші предмети, які використовуються для здійснення операцій.",pass,pass,pass,pass,pass,pass,pass,pass,pass,clean-candidate,high,,,,currency → «валюта»; definition (money or other items used to conduct transactions) is accurate; noun POS matches.
SB-1564,mental,word family,психічний,Що стосується розуму чи конкретно повної емоційної та інтелектуальної реакції індивіда на зовнішню реальність.,pass,pass,pass,pass,pass,pass,pass,pass,pass,clean-candidate,high,,,,mental → «психічний»; definition (relating to the mind or the individual's full emotional and intellectual response) is accurate; adjective POS matches.
SB-1692,eventually,word family,зрештою,"Зрештою; пізніше, особливо після тривалого часу, серія проблем, боротьби, затримок або невдач.",pass,pass,pass,pass,pass,pass,pass,pass,pass,clean-candidate,high,,,,"eventually → «зрештою»; definition (in the end; later, esp. after a long time or series of problems) is accurate; adverb POS matches."
SB-1438,core,word family,ядро,У загальному вживанні суттєва частина речі в оточенні інших істотних речей.,pass,pass,pass,pass,pass,pass,pass,pass,pass,clean-candidate,high,,,,core → «ядро»; definition (the essential part of a thing surrounded by other essential things) is accurate; noun POS matches.
SB-1191,terrific,adj.,чудовий,"Надзвичайно добре; відмінно, дивовижно.",pass,pass,pass,pass,pass,pass,pass,pass,pass,clean-candidate,high,,,,"terrific → «чудовий»; definition (extremely good; excellent, amazing) is accurate; adjective POS matches."
SB-0379,directory,n.,каталог,Структурований список імен і характеристик файлів на пристрої зберігання.,pass,pass,pass,pass,pass,pass,pass,pass,pass,clean-candidate,high,,,,directory → «каталог»; definition (a structured list of file names and attributes on a storage device) is accurate for the computing sense; noun POS matches.
SB-1382,community,word family,громада,"Група, що має спільні характеристики, такі як одна мова, закон, релігія чи традиція.",pass,pass,pass,pass,pass,pass,pass,pass,pass,clean-candidate,high,,,,"community → «громада»; definition (a group sharing characteristics such as language, law, religion or tradition) is accurate; noun POS matches."
SB-1658,media,word family,ЗМІ,Засоби та інститути публікації та трансляції інформації.,pass,pass,pass,pass,pass,pass,pass,pass,pass,clean-candidate,high,,,,media → «ЗМІ»; definition (the means and institutions of publishing and broadcasting information) is accurate; noun POS matches.
SB-0700,lesser,adj.,менший,"З двох (або, рідше, більше двох) речей: меншої за розміром (менше), за цінністю, за важливістю тощо.",pass,pass,pass,pass,pass,pass,pass,pass,pass,clean-candidate,high,,,,"lesser → «менший»; definition (smaller in size, value or importance of two things) is accurate; adjective POS matches."
SB-0186,citizenship,n.,громадянство,Стан громадянства; статус громадянина.,pass,pass,pass,pass,pass,pass,pass,pass,pass,clean-candidate,high,,,,citizenship → «громадянство»; definition (the state or status of being a citizen) is accurate; noun POS matches.
SB-0768,mill,n.,млин,"Пристрій для подрібнення таких речовин, як зерно, насіння тощо (деякі малі та прості, а інші великі та складні).",pass,pass,pass,pass,pass,pass,pass,pass,pass,clean-candidate,high,,,,mill → «млин»; definition (a device for grinding substances such as grain or seeds) is accurate; noun POS matches.
SB-0400,disturbing,adj.,тривожний,Спричинення дистресу або занепокоєння; засмучення або тривога.,pass,pass,pass,pass,pass,pass,pass,pass,pass,clean-candidate,high,,,,disturbing → «тривожний»; definition (causing distress or worry; upsetting or alarming) is accurate; adjective POS matches.
SB-1432,components,word family,компоненти,"Менша самодостатня частина більшої сутності. Часто стосується виготовленого об’єкта, який є частиною більшого пристрою.",pass,pass,pass,pass,pass,pass,pass,pass,pass,clean-candidate,high,,,,components → «компоненти»; definition (a smaller self-contained part of a larger entity) is accurate; plural noun POS matches.
SB-1303,widow,n.,вдова,"Особа, яка втратила чоловіка і не одружилася повторно:",pass,pass,pass,pass,pass,pass,pass,pass,flag,P2,high,dangling-punctuation,definitionUa,"Особа, яка втратила чоловіка/дружину і не одружилася повторно.",widow definition ends with a dangling colon «...повторно:» and no following text; content otherwise conveys the sense.
SB-0088,assault,"n., v.",напад,"Нападати, фізично чи фігурально; атакувати.",pass,pass,pass,pass,pass,pass,pass,pass,pass,clean-candidate,medium,,,,"assault → «напад»; definition (to attack, physically or figuratively) covers the n.,v. senses; POS tag matches."
SB-0795,neighbouring,adj.,сусідній,Розташований поруч або поблизу іншого місця чи території.,pass,pass,pass,pass,pass,pass,pass,pass,pass,clean-candidate,high,,,,neighbouring → «сусідній»; definition (located next to or near another place or territory) is accurate; adjective POS matches.
SB-1719,virtually,word family,практично,"Майже, але не зовсім.",pass,pass,pass,pass,pass,pass,pass,pass,pass,clean-candidate,high,,,,"virtually → «практично»; definition (almost, but not quite) is accurate; adverb POS matches."
