chunk,seq,id
1,0,SB-0170
1,1,SB-0730
1,2,SB-0072
1,3,SB-0939
1,4,SB-1640
1,5,SB-0668
1,6,SB-0575
1,7,SB-1238
1,8,SB-0033
1,9,SB-0632
1,10,SB-0852
1,11,SB-0880
1,12,SB-0161
1,13,SB-1700
1,14,SB-1181
1,15,SB-1513
1,16,SB-1487
1,17,SB-0156
1,18,SB-0921
1,19,SB-0426
1,20,SB-1575
1,21,SB-0967
1,22,SB-0623
1,23,SB-1394
1,24,SB-1493
1,25,SB-0801
1,26,SB-0636
1,27,SB-1680
1,28,SB-1757
1,29,SB-1753
1,30,SB-0265
1,31,SB-0413
1,32,SB-0688
1,33,SB-1102
1,34,SB-0344
1,35,SB-1026
1,36,SB-0083
1,37,SB-1744
1,38,SB-1614
1,39,SB-0919
1,40,SB-1677
1,41,SB-0883
1,42,SB-1037
1,43,SB-0762
1,44,SB-0972
1,45,SB-1714
1,46,SB-0593
1,47,SB-0146
1,48,SB-1176
1,49,SB-1324
1,50,SB-1095
1,51,SB-1472
1,52,SB-1465
1,53,SB-1701
1,54,SB-0152
1,55,SB-0789
1,56,SB-0139
1,57,SB-0827
1,58,SB-0981
1,59,SB-0066
1,60,SB-0025
1,61,SB-1177
1,62,SB-0582
1,63,SB-1777
1,64,SB-0394
1,65,SB-0642
1,66,SB-1778
1,67,SB-0550
1,68,SB-1593
1,69,SB-0865
1,70,SB-0574
1,71,SB-1356
1,72,SB-1185
1,73,SB-1645
1,74,SB-0377
1,75,SB-0341
1,76,SB-0302
1,77,SB-1341
1,78,SB-0311
1,79,SB-0250
1,80,SB-0794
1,81,SB-1385
1,82,SB-0602
1,83,SB-1162
1,84,SB-0848
1,85,SB-0527
1,86,SB-0092
1,87,SB-0662
1,88,SB-0275
1,89,SB-1518
1,90,SB-1232
1,91,SB-0784
1,92,SB-1100
1,93,SB-0515
1,94,SB-1051
1,95,SB-0162
1,96,SB-0069
1,97,SB-1329
1,98,SB-1234
1,99,SB-1547
1,100,SB-1618
1,101,SB-0799
1,102,SB-1637
1,103,SB-1350
1,104,SB-0970
1,105,SB-0113
1,106,SB-1628
1,107,SB-0807
1,108,SB-0030
1,109,SB-0658
1,110,SB-1734
1,111,SB-1660
1,112,SB-1384
1,113,SB-1094
1,114,SB-0268
1,115,SB-0692
1,116,SB-0215
1,117,SB-1546
1,118,SB-1485
1,119,SB-1377
1,120,SB-1016
1,121,SB-0859
1,122,SB-1758
1,123,SB-0020
1,124,SB-0008
1,125,SB-0434
1,126,SB-1524
1,127,SB-0086
1,128,SB-0634
1,129,SB-0629
1,130,SB-0811
1,131,SB-1711
1,132,SB-0920
1,133,SB-0012
1,134,SB-1166
1,135,SB-1123
1,136,SB-0373
1,137,SB-0015
1,138,SB-0267
1,139,SB-1304
1,140,SB-1650
1,141,SB-0560
1,142,SB-0753
1,143,SB-0860
1,144,SB-1652
1,145,SB-1772
1,146,SB-0271
1,147,SB-0626
1,148,SB-0519
1,149,SB-0233
1,150,SB-1388
1,151,SB-1073
1,152,SB-0290
1,153,SB-1273
1,154,SB-0545
1,155,SB-1516
1,156,SB-0755
1,157,SB-1217
1,158,SB-0386
1,159,SB-0312
1,160,SB-1224
1,161,SB-0788
1,162,SB-0232
1,163,SB-1615
1,164,SB-0101
1,165,SB-0760
1,166,SB-1240
1,167,SB-0770
1,168,SB-0990
1,169,SB-0723
1,170,SB-0649
1,171,SB-0345
1,172,SB-0468
1,173,SB-0048
1,174,SB-1099
1,175,SB-0245
1,176,SB-1452
1,177,SB-0996
1,178,SB-0183
1,179,SB-1642
1,180,SB-1451
1,181,SB-1062
1,182,SB-0437
1,183,SB-1565
1,184,SB-1022
1,185,SB-1082
1,186,SB-0630
1,187,SB-0542
1,188,SB-1137
1,189,SB-0689
1,190,SB-0633
1,191,SB-0812
1,192,SB-0289
1,193,SB-0846
1,194,SB-0514
1,195,SB-1708
1,196,SB-1381
1,197,SB-0524
1,198,SB-1085
1,199,SB-0060
1,200,SB-1431
1,201,SB-0917
1,202,SB-0842
1,203,SB-0579
1,204,SB-0094
1,205,SB-0589
1,206,SB-1619
1,207,SB-1527
1,208,SB-0123
1,209,SB-1603
1,210,SB-0206
1,211,SB-0546
1,212,SB-1740
1,213,SB-0278
1,214,SB-0771
1,215,SB-0422
1,216,SB-1530
1,217,SB-0403
1,218,SB-0925
1,219,SB-0906
1,220,SB-1405
1,221,SB-0140
1,222,SB-1310
1,223,SB-0720
1,224,SB-0911
1,225,SB-0110
1,226,SB-1442
1,227,SB-1192
1,228,SB-0294
1,229,SB-0586
2,230,SB-1439
2,231,SB-0262
2,232,SB-0620
2,233,SB-0628
2,234,SB-1140
2,235,SB-0127
2,236,SB-0464
2,237,SB-1370
2,238,SB-1374
2,239,SB-0359
2,240,SB-1560
2,241,SB-1562
2,242,SB-0533
2,243,SB-1120
2,244,SB-0522
2,245,SB-0366
2,246,SB-1101
2,247,SB-1047
2,248,SB-0779
2,249,SB-1463
2,250,SB-1345
2,251,SB-0877
2,252,SB-0756
2,253,SB-1397
2,254,SB-1316
2,255,SB-1254
2,256,SB-1436
2,257,SB-1223
2,258,SB-0534
2,259,SB-1242
2,260,SB-1151
2,261,SB-0358
2,262,SB-1410
2,263,SB-0466
2,264,SB-1557
2,265,SB-1288
2,266,SB-1415
2,267,SB-1072
2,268,SB-0704
2,269,SB-1202
2,270,SB-0729
2,271,SB-1133
2,272,SB-0894
2,273,SB-0587
2,274,SB-1457
2,275,SB-0611
2,276,SB-0168
2,277,SB-0596
2,278,SB-0097
2,279,SB-0118
2,280,SB-0120
2,281,SB-0494
2,282,SB-0096
2,283,SB-0348
2,284,SB-0198
2,285,SB-0592
2,286,SB-1576
2,287,SB-1750
2,288,SB-0114
2,289,SB-1722
2,290,SB-1540
2,291,SB-0508
2,292,SB-0792
2,293,SB-1755
2,294,SB-0674
2,295,SB-0297
2,296,SB-0573
2,297,SB-0172
2,298,SB-0578
2,299,SB-1544
2,300,SB-0204
2,301,SB-1322
2,302,SB-0313
2,303,SB-1239
2,304,SB-1332
2,305,SB-1738
2,306,SB-0388
2,307,SB-0054
2,308,SB-0711
2,309,SB-0687
2,310,SB-0694
2,311,SB-0362
2,312,SB-0551
2,313,SB-1175
2,314,SB-0513
2,315,SB-0281
2,316,SB-0912
2,317,SB-0740
2,318,SB-0671
2,319,SB-1144
2,320,SB-0242
2,321,SB-0430
2,322,SB-0751
2,323,SB-0821
2,324,SB-0987
2,325,SB-1131
2,326,SB-0134
2,327,SB-0470
2,328,SB-0132
2,329,SB-0252
2,330,SB-1456
2,331,SB-0115
2,332,SB-0882
2,333,SB-1520
2,334,SB-1115
2,335,SB-1661
2,336,SB-0446
2,337,SB-0016
2,338,SB-1340
2,339,SB-1554
2,340,SB-1141
2,341,SB-1670
2,342,SB-0036
2,343,SB-1178
2,344,SB-1580
2,345,SB-0026
2,346,SB-0610
2,347,SB-0205
2,348,SB-1566
2,349,SB-0581
2,350,SB-0654
2,351,SB-0222
2,352,SB-1610
2,353,SB-0631
2,354,SB-1649
2,355,SB-0253
2,356,SB-0685
2,357,SB-0693
2,358,SB-0257
2,359,SB-1498
2,360,SB-1430
2,361,SB-1414
2,362,SB-0076
2,363,SB-0160
2,364,SB-1060
2,365,SB-0895
2,366,SB-1330
2,367,SB-0757
2,368,SB-1066
2,369,SB-1509
2,370,SB-0765
2,371,SB-1302
2,372,SB-1184
2,373,SB-1466
2,374,SB-1582
2,375,SB-1497
2,376,SB-0370
2,377,SB-0078
2,378,SB-0122
2,379,SB-1118
2,380,SB-1459
2,381,SB-0376
2,382,SB-0337
2,383,SB-1229
2,384,SB-1563
2,385,SB-1057
2,386,SB-0211
2,387,SB-1712
2,388,SB-0393
2,389,SB-1521
2,390,SB-1380
2,391,SB-0335
2,392,SB-1366
2,393,SB-1031
2,394,SB-0719
2,395,SB-0499
2,396,SB-0387
2,397,SB-0305
2,398,SB-1617
2,399,SB-0774
2,400,SB-1158
2,401,SB-0943
2,402,SB-0537
2,403,SB-0648
2,404,SB-0444
2,405,SB-0001
2,406,SB-0408
2,407,SB-0993
2,408,SB-1479
2,409,SB-0107
2,410,SB-0520
2,411,SB-0282
2,412,SB-0429
2,413,SB-1532
2,414,SB-0591
2,415,SB-1752
2,416,SB-0479
2,417,SB-1606
2,418,SB-0656
2,419,SB-0104
2,420,SB-0975
2,421,SB-0847
2,422,SB-1291
2,423,SB-0999
2,424,SB-1209
2,425,SB-1235
2,426,SB-1010
2,427,SB-0559
2,428,SB-0979
2,429,SB-0949
2,430,SB-1688
2,431,SB-0746
2,432,SB-0833
2,433,SB-0500
2,434,SB-1244
2,435,SB-0065
2,436,SB-0435
2,437,SB-1076
2,438,SB-0743
2,439,SB-0590
2,440,SB-1662
2,441,SB-0635
2,442,SB-1723
2,443,SB-1686
2,444,SB-1564
2,445,SB-1692
2,446,SB-1438
2,447,SB-1191
2,448,SB-0379
2,449,SB-1382
2,450,SB-1658
2,451,SB-0700
2,452,SB-0186
2,453,SB-0768
2,454,SB-0400
2,455,SB-1432
2,456,SB-1303
2,457,SB-0088
2,458,SB-0795
2,459,SB-1719
3,460,SB-1280
3,461,SB-0093
3,462,SB-1647
3,463,SB-1208
3,464,SB-1122
3,465,SB-0856
3,466,SB-0338
3,467,SB-1363
3,468,SB-1434
3,469,SB-1558
3,470,SB-1108
3,471,SB-0360
3,472,SB-1400
3,473,SB-0492
3,474,SB-0180
3,475,SB-0022
3,476,SB-0845
3,477,SB-1598
3,478,SB-1443
3,479,SB-1252
3,480,SB-0936
3,481,SB-0445
3,482,SB-1613
3,483,SB-0071
3,484,SB-0695
3,485,SB-1705
3,486,SB-1155
3,487,SB-0937
3,488,SB-0284
3,489,SB-1311
3,490,SB-0886
3,491,SB-0200
3,492,SB-0457
3,493,SB-0864
3,494,SB-1063
3,495,SB-0887
3,496,SB-0342
3,497,SB-1733
3,498,SB-0472
3,499,SB-0040
3,500,SB-1258
3,501,SB-0053
3,502,SB-0854
3,503,SB-0977
3,504,SB-1001
3,505,SB-1042
3,506,SB-0697
3,507,SB-0567
3,508,SB-0806
3,509,SB-0561
3,510,SB-1353
3,511,SB-1683
3,512,SB-0365
3,513,SB-0752
3,514,SB-0600
3,515,SB-0714
3,516,SB-0715
3,517,SB-0984
3,518,SB-1653
3,519,SB-0983
3,520,SB-1135
3,521,SB-0460
3,522,SB-1358
3,523,SB-0210
3,524,SB-1371
3,525,SB-1136
3,526,SB-0190
3,527,SB-1724
3,528,SB-1418
3,529,SB-0039
3,530,SB-1087
3,531,SB-0129
3,532,SB-1190
3,533,SB-1058
3,534,SB-0718
3,535,SB-1455
3,536,SB-0478
3,537,SB-0361
3,538,SB-1401
3,539,SB-0518
3,540,SB-1277
3,541,SB-0924
3,542,SB-0588
3,543,SB-0553
3,544,SB-1539
3,545,SB-1759
3,546,SB-1368
3,547,SB-0436
3,548,SB-0188
3,549,SB-1139
3,550,SB-1114
3,551,SB-0453
3,552,SB-0605
3,553,SB-0892
3,554,SB-0528
3,555,SB-0323
3,556,SB-0314
3,557,SB-0775
3,558,SB-0098
3,559,SB-0741
3,560,SB-1091
3,561,SB-0503
3,562,SB-1342
3,563,SB-0825
3,564,SB-0075
3,565,SB-1009
3,566,SB-1533
3,567,SB-0176
3,568,SB-0419
3,569,SB-0790
3,570,SB-0056
3,571,SB-1639
3,572,SB-1089
3,573,SB-1020
3,574,SB-0769
3,575,SB-1568
3,576,SB-1025
3,577,SB-1601
3,578,SB-1476
3,579,SB-0326
3,580,SB-1678
3,581,SB-1399
3,582,SB-1473
3,583,SB-1163
3,584,SB-1534
3,585,SB-0442
3,586,SB-1049
3,587,SB-0136
3,588,SB-1246
3,589,SB-0664
3,590,SB-0238
3,591,SB-1373
3,592,SB-1369
3,593,SB-1511
3,594,SB-1124
3,595,SB-0259
3,596,SB-1041
3,597,SB-1241
3,598,SB-1594
3,599,SB-0285
3,600,SB-0672
3,601,SB-0352
3,602,SB-1263
3,603,SB-0042
3,604,SB-0963
3,605,SB-1623
3,606,SB-0585
3,607,SB-1481
3,608,SB-0368
3,609,SB-1690
3,610,SB-1225
3,611,SB-0900
3,612,SB-0511
3,613,SB-1212
3,614,SB-0904
3,615,SB-1542
3,616,SB-1627
3,617,SB-0455
3,618,SB-1709
3,619,SB-1749
3,620,SB-0055
3,621,SB-0489
3,622,SB-1699
3,623,SB-0084
3,624,SB-0748
3,625,SB-1337
3,626,SB-0971
3,627,SB-0678
3,628,SB-1227
3,629,SB-1200
3,630,SB-1715
3,631,SB-1282
3,632,SB-1500
3,633,SB-1458
3,634,SB-1697
3,635,SB-0045
3,636,SB-0733
3,637,SB-0938
3,638,SB-0839
3,639,SB-0650
3,640,SB-0622
3,641,SB-0433
3,642,SB-0310
3,643,SB-0905
3,644,SB-0187
3,645,SB-0010
3,646,SB-0153
3,647,SB-0823
3,648,SB-0178
3,649,SB-1289
3,650,SB-1325
3,651,SB-0547
3,652,SB-0407
3,653,SB-1403
3,654,SB-1760
3,655,SB-1664
3,656,SB-1768
3,657,SB-0270
3,658,SB-1065
3,659,SB-1510
3,660,SB-1391
3,661,SB-0568
3,662,SB-1129
3,663,SB-0747
3,664,SB-0837
3,665,SB-0299
3,666,SB-1746
3,667,SB-0639
3,668,SB-0910
3,669,SB-1078
3,670,SB-1219
3,671,SB-1327
3,672,SB-1018
3,673,SB-0185
3,674,SB-0853
3,675,SB-1552
3,676,SB-1203
3,677,SB-0375
3,678,SB-0023
3,679,SB-0077
3,680,SB-1339
3,681,SB-1774
3,682,SB-1112
3,683,SB-1245
3,684,SB-1599
3,685,SB-1469
3,686,SB-1667
3,687,SB-0126
3,688,SB-0165
3,689,SB-1651
4,690,SB-1713
4,691,SB-0471
4,692,SB-1771
4,693,SB-0241
4,694,SB-0974
4,695,SB-0802
4,696,SB-1769
4,697,SB-0243
4,698,SB-0728
4,699,SB-0117
4,700,SB-0261
4,701,SB-1716
4,702,SB-0736
4,703,SB-1522
4,704,SB-1591
4,705,SB-0041
4,706,SB-0402
4,707,SB-1411
4,708,SB-0438
4,709,SB-1732
4,710,SB-1579
4,711,SB-0480
4,712,SB-0965
4,713,SB-0003
4,714,SB-0539
4,715,SB-1250
4,716,SB-1665
4,717,SB-0791
4,718,SB-0915
4,719,SB-1354
4,720,SB-1260
4,721,SB-1555
4,722,SB-1462
4,723,SB-0192
4,724,SB-0019
4,725,SB-0598
4,726,SB-0276
4,727,SB-0726
4,728,SB-1717
4,729,SB-0580
4,730,SB-0143
4,731,SB-0676
4,732,SB-0063
4,733,SB-1357
4,734,SB-1663
4,735,SB-0291
4,736,SB-1515
4,737,SB-0196
4,738,SB-0258
4,739,SB-1559
4,740,SB-0182
4,741,SB-0458
4,742,SB-1392
4,743,SB-1638
4,744,SB-0027
4,745,SB-0956
4,746,SB-0475
4,747,SB-1737
4,748,SB-0288
4,749,SB-0879
4,750,SB-1083
4,751,SB-0709
4,752,SB-1468
4,753,SB-1672
4,754,SB-0325
4,755,SB-0163
4,756,SB-1478
4,757,SB-1024
4,758,SB-0006
4,759,SB-1491
4,760,SB-1507
4,761,SB-1450
4,762,SB-0564
4,763,SB-0776
4,764,SB-0158
4,765,SB-0930
4,766,SB-1045
4,767,SB-0966
4,768,SB-0787
4,769,SB-1361
4,770,SB-1338
4,771,SB-0614
4,772,SB-1496
4,773,SB-1033
4,774,SB-1602
4,775,SB-0896
4,776,SB-1641
4,777,SB-0260
4,778,SB-1152
4,779,SB-0782
4,780,SB-1648
4,781,SB-0199
4,782,SB-0346
4,783,SB-1484
4,784,SB-1461
4,785,SB-1783
4,786,SB-1644
4,787,SB-0653
4,788,SB-1545
4,789,SB-1494
4,790,SB-0535
4,791,SB-0385
4,792,SB-0969
4,793,SB-1096
4,794,SB-0212
4,795,SB-1669
4,796,SB-1253
4,797,SB-1561
4,798,SB-1424
4,799,SB-0181
4,800,SB-0562
4,801,SB-0347
4,802,SB-0810
4,803,SB-0944
4,804,SB-0914
4,805,SB-1266
4,806,SB-1477
4,807,SB-1333
4,808,SB-0287
4,809,SB-0763
4,810,SB-0873
4,811,SB-0381
4,812,SB-0871
4,813,SB-0890
4,814,SB-1502
4,815,SB-1482
4,816,SB-1092
4,817,SB-1761
4,818,SB-0764
4,819,SB-0754
4,820,SB-0713
4,821,SB-0099
4,822,SB-0018
4,823,SB-0318
4,824,SB-1352
4,825,SB-0959
4,826,SB-0320
4,827,SB-1346
4,828,SB-0218
4,829,SB-1359
4,830,SB-0441
4,831,SB-1536
4,832,SB-0681
4,833,SB-1675
4,834,SB-0179
4,835,SB-1119
4,836,SB-0035
4,837,SB-0251
4,838,SB-0980
4,839,SB-1172
4,840,SB-0566
4,841,SB-0431
4,842,SB-1249
4,843,SB-1156
4,844,SB-1508
4,845,SB-0095
4,846,SB-0217
4,847,SB-1739
4,848,SB-0239
4,849,SB-1422
4,850,SB-0599
4,851,SB-1183
4,852,SB-1074
4,853,SB-0888
4,854,SB-0091
4,855,SB-1228
4,856,SB-0800
4,857,SB-0523
4,858,SB-0955
4,859,SB-0644
4,860,SB-0047
4,861,SB-0732
4,862,SB-0089
4,863,SB-0138
4,864,SB-0059
4,865,SB-0367
4,866,SB-0957
4,867,SB-1445
4,868,SB-1068
4,869,SB-1375
4,870,SB-0595
4,871,SB-1207
4,872,SB-0952
4,873,SB-1646
4,874,SB-0353
4,875,SB-1573
4,876,SB-1608
4,877,SB-0087
4,878,SB-0968
4,879,SB-1503
4,880,SB-0248
4,881,SB-0796
4,882,SB-1633
4,883,SB-1069
4,884,SB-0822
4,885,SB-1292
4,886,SB-0808
4,887,SB-1597
4,888,SB-0903
4,889,SB-1293
4,890,SB-1086
4,891,SB-0543
4,892,SB-0868
4,893,SB-0339
4,894,SB-0501
4,895,SB-0485
4,896,SB-1075
4,897,SB-1236
4,898,SB-1125
4,899,SB-1480
4,900,SB-0995
4,901,SB-1221
4,902,SB-1150
4,903,SB-1348
4,904,SB-0872
4,905,SB-1186
4,906,SB-1525
4,907,SB-1721
4,908,SB-0482
4,909,SB-1006
4,910,SB-0742
4,911,SB-0201
4,912,SB-1312
4,913,SB-1730
4,914,SB-0303
4,915,SB-0761
4,916,SB-1379
4,917,SB-0081
4,918,SB-1349
