id,word,pos,ua,definitionUa,pass_a_disposition,pass_a_rationale,pass_b_disposition,pass_b_rationale,evidence_quote,final_disposition,confidence,category,rationale,proposed_target,proposed_value
SB-0152,buddy,n.,приятель,Друг або випадковий знайомий.,P1,"«Випадковий знайомий» means a chance acquaintance, not a casual friend.",clean-candidate,buddy → «приятель»; definition (a friend or casual acquaintance) is accurate; register matches the informal headword; noun POS correct.,випадковий знайомий,P1,medium,semantic-fidelity,"buddy is a pal/close informal friend; «випадковий знайомий» (a chance acquaintance) mis-teaches the relationship as distant, so Pass A's defect stands over Pass B's clean call.",definitionUa,"Друг або приятель, з яким мають близькі чи невимушені стосунки."
SB-0806,non-profit,adj.,неприбутковий,"Організація або діяльність, основною метою якої не є отримання прибутку.",P2,The definition names an organization or activity instead of directly defining the adjective.,clean-candidate,non-profit → «неприбутковий»; definition (an organisation or activity whose main aim is not making profit) is accurate; adjective POS matches.,Організація або діяльність,P2,medium,pos-alignment,"non-profit is an adjective, but the definition opens by naming «Організація або діяльність»; the sense is recoverable, so a minor POS-framing defect (Pass A), not clean (Pass B).",definitionUa,"Такий, основною метою якого не є отримання прибутку."
SB-1374,administration,word family,адміністрування,Акт адміністрування; управління громадськими справами; надані послуги або взяті на себе обов'язки у веденні справ; ведення будь-якої посади чи роботи; напрямок.,P1,The final «напрямок» is a false rendering of direction as management and breaks the administration sense.,clean-candidate,administration → «адміністрування»; definition (the act of administering; management of public affairs) is accurate; noun POS matches.,напрямок,P1,high,semantic-fidelity,"the trailing «напрямок» renders English 'direction' as bearing/heading, a false sense of administration; Pass A's semantic defect is confirmed against the frozen text.",definitionUa,"Процес управління установою чи справами; також орган або посадовці, які здійснюють таке управління."
SB-1075,situated,adj.,розташований,Знаходиться в конкретному місці.,P2,«Знаходиться» is a Russian-influenced locative choice where Ukrainian prefers «розташований».,clean-candidate,situated → «розташований»; definition (located in a particular place) is accurate; adjective POS matches.,Знаходиться,P2,medium,calque-russianism,«Знаходиться» is a Russian-influenced locative where standard Ukrainian prefers «розташований»; understandable but a real stylistic calque (Pass A P2).,definitionUa,Розташований у певному місці або становищі.
SB-0063,amendment,n.,поправка,Доповнення та/або зміни до Конституції.,P1,"The definition wrongly restricts amendment to a constitution and omits ordinary documents, laws, and agreements.",clean-candidate,"amendment → «поправка»; definition (an addition or change, e.g. to a constitution) is accurate though slightly narrowed to constitutions; noun POS matches.",до Конституції,P1,medium,sense-coverage,"amendment is defined only «до Конституції», misinforming a learner that it is constitution-specific and omitting laws/agreements/documents; Pass A's over-narrowing defect holds.",definitionUa,"Зміна або доповнення до документа, закону чи угоди, зокрема до конституції."
SB-0917,problematic,adj.,проблематичний,Постановка проблеми; мати або страждати від проблеми(-й):,P1,«Постановка проблеми; мати або страждати...» is malformed and ends with an erroneous colon.,P2,problematic definition ends with a dangling colon «...проблеми(-й):» with no following text; content otherwise conveys the sense.,проблеми(-й):,P1,high,grammar-syntax,"the definition is malformed («Постановка проблеми; мати або страждати…») and ends on a dangling colon «проблеми(-й):»; broken learner-facing syntax, so P1 (Pass A) over Pass B's P2.",definitionUa,"Такий, що створює проблему, викликає труднощі або потребує обережного розгляду."
SB-1768,conceived,word family,задуманий,сформований у свідомості,P2,The definition starts lowercase and lacks terminal punctuation.,clean-candidate,conceived → «задуманий»; definition (formed in the mind) conveys the sense despite terse phrasing; consistent gloss.,сформований у свідомості,P2,high,ui-formatting,content is correct; the definition merely starts lowercase and lacks terminal punctuation — a cosmetic P2 (Pass A).,definitionUa,Сформований або створений у свідомості як ідея чи задум.
SB-0761,merger,n.,злиття,"Юридичне об’єднання двох або більше корпорацій в одну юридичну особу, активи та зобов’язання, як правило, бере на себе сторона-покупець.",P1,"The merger definition miscoordinates the resulting entity, assets, and liabilities and obscures the legal relationship.",clean-candidate,merger → «злиття»; definition (the legal combination of two or more corporations into one legal entity) is accurate; noun POS matches.,бере на себе сторона-покупець,P1,medium,grammar-syntax,«активи та зобов’язання … бере на себе сторона-покупець» miscoordinates number/agent and garbles which party assumes what; Pass A's syntax defect is confirmed.,definitionUa,"Юридичне об’єднання двох або більше компаній в одну, за якого активи й зобов’язання переходять до об’єднаної компанії."
SB-1162,supposedly,adv.,нібито,Як питання припущення; у переконаннях або згідно з твердженнями деяких людей.,P2,«Як питання припущення» is a stiff literal calque.,clean-candidate,supposedly → «нібито»; definition (as a matter of supposition; according to some claims) is accurate; adverb POS matches.,Як питання припущення,P2,medium,calque-russianism,«Як питання припущення» is a stiff literal calque of 'as a matter of supposition'; conveys the sense but is unidiomatic (Pass A P2).,definitionUa,"За припущенням або за твердженнями інших, без певного підтвердження."
SB-1521,parallel,word family,паралельний,У всіх точках однаково віддалені один від одного.,P1,Plural «віддалені» does not agree with singular паралельний.,clean-candidate,parallel → «паралельний»; definition (equidistant at all points) is accurate; adjective POS matches.,однаково віддалені один від одного,P2,medium,number-agreement,"DIVERGENCE from Pass A (P1): «У всіх точках однаково віддалені один від одного» is a valid, if telegraphic, description of parallelism — «віддалені» agrees with the implied points/lines, not the headword — so this is minor style (P2), not a material grammar defect.",definitionUa,"Такий, що в усіх точках залишається на однаковій відстані від іншої лінії чи площини."
SB-1141,substantial,adj.,істотний,"Великі за розміром, кількістю або вартістю; достатній; значний.",P1,Plural «Великі» does not agree with the singular adjective істотний.,clean-candidate,"substantial → «істотний»; definition (large in size, amount or value; considerable) is accurate; adjective POS matches.",Великі за розміром,P2,medium,grammar-syntax,"«Великі» is plural where the singular adjective істотний is being defined — a real agreement slip, but the meaning is clear, so P2 (Pass A graded P1; the error is a minor inflection).",definitionUa,"Значний за розміром, кількістю, вартістю або важливістю."
SB-1241,troubled,adj.,стурбований,"Тривожний, стурбований, змучений турботами.",P2,"«Тривожний» can mean causing anxiety, while troubled here means worried or burdened by problems.",clean-candidate,"troubled → «стурбований»; definition (anxious, worried, tormented by cares) is accurate; adjective POS matches.",Тривожний,P2,medium,semantic-fidelity,"leading «Тривожний» can mean anxiety-causing, whereas troubled = worried/burdened; a mild sense drift with the correct gloss present, so P2 (Pass A).",definitionUa,"Стурбований, занепокоєний або обтяжений проблемами."
SB-1457,link,word family,посилання,"Зв’язок між місцями, людьми, подіями, речами чи ідеями.",P1,"ua «посилання» suggests a hyperlink or reference, while the definition gives a general connection.",clean-candidate,"link → «посилання»; definition (a connection between places, people, events, things or ideas) covers the general 'link' sense; noun POS matches.",посилання,P1,medium,ua-definition-consistency,"the gloss «посилання» reads as hyperlink/reference in contemporary Ukrainian, inconsistent with the general-connection definition; Pass A's ua↔definition mismatch is confirmed.",both,"ua: зв’язок; посилання | definitionUa: Відношення між людьми, подіями, речами чи ідеями; також гіперпосилання."
SB-0748,meantime,n.,тим часом,"Час, витрачений на очікування іншої події; час між ними.",P1,"The noun meantime is paired with the adverbial phrase «тим часом», causing a POS mismatch.",clean-candidate,meantime → «тим часом»; definition (the time spent waiting for another event; the time in between) is accurate; noun POS matches.,тим часом,P1,medium,pos-alignment,"the noun meantime is glossed with the adverbial «тим часом» ('meanwhile'), a POS mismatch that mistrains usage; Pass A's defect holds over Pass B's clean.",both,ua: проміжний час | definitionUa: Період між двома подіями або до настання очікуваної події.
SB-1424,strategies,word family,стратегії,"План дій, спрямований на досягнення конкретної мети.",P1,Plural strategies is defined as a single plan.,clean-candidate,strategies → «стратегії»; definition (a plan of action aimed at achieving a specific goal) is accurate; plural noun POS matches.,План дій,P2,medium,number-agreement,"plural strategies is defined by the singular «План дій» — a number mismatch, minor and comprehensible, so P2 (Pass A graded P1).",definitionUa,"Плани дій, спрямовані на досягнення конкретних цілей."
SB-1166,surgical,adj.,хірургічний,"Відносно, використовується під час хірургічного втручання або є результатом операції.",P1,«Відносно» is Russian-influenced and the following verb forms do not agree with the adjective.,clean-candidate,surgical → «хірургічний»; definition (relating to or used during surgery) is accurate; adjective POS matches.,"Відносно, використовується",P2,medium,calque-russianism,"«Відносно,» is a Russian-influenced opener and the following verb forms fit awkwardly; understandable, so P2 (Pass A graded P1).",definitionUa,"Пов’язаний із хірургією, використовуваний під час операції або спричинений нею."
SB-0088,assault,"n., v.",напад,"Нападати, фізично чи фігурально; атакувати.",P1,"The source has noun and verb uses, but ua is noun-only while the definition is verb-only.",clean-candidate,"assault → «напад»; definition (to attack, physically or figuratively) covers the n.,v. senses; POS tag matches.",Нападати,P1,high,pos-alignment,"assault is tagged n.,v. but ua «напад» is noun-only while the definition «Нападати… атакувати» is verb-only — an internal POS mismatch; Pass A's coverage defect is confirmed.",both,ua: напад; нападати | definitionUa: Фізична або словесна атака; також нападати на когось чи щось.
SB-0906,prestigious,adj.,престижний,Високого престижу.,P2,«Високого престижу» is a fragment and circularly repeats the headword.,clean-candidate,prestigious → «престижний»; definition (of high prestige) is accurate; adjective POS matches.,Високого престижу,P2,medium,pedagogical-definition,"«Високого престижу» is a fragment that circularly repeats the headword; thin but not misleading, so P2 (Pass A).",definitionUa,"Такий, що має високий статус і викликає повагу."
SB-0126,beneficiary,n.,бенефіціар,"Той, хто користується або отримує перевагу.",P2,«Отримує перевагу» is vague and less accurate than receiving a benefit or entitlement.,clean-candidate,beneficiary → «бенефіціар»; definition (one who benefits or receives an advantage) is accurate; noun POS matches.,отримує перевагу,P2,medium,pedagogical-definition,«користується або отримує перевагу» is vaguer than 'receives a benefit/entitlement'; a mild pedagogical imprecision (Pass A P2).,definitionUa,"Особа або організація, яка отримує вигоду, виплату чи інше право."
SB-0196,coalition,n.,коаліція,"Тимчасова група або спілка організацій, яка зазвичай створюється для певної переваги.",P2,«Для певної переваги» is vague and does not state the shared-purpose nature of a coalition.,clean-candidate,coalition → «коаліція»; definition (a temporary group or union of organisations formed for a specific advantage) is accurate; noun POS matches.,для певної переваги,P2,medium,pedagogical-definition,"«для певної переваги» understates the shared-purpose nature of a coalition; comprehensible, so a minor pedagogical P2 (Pass A).",definitionUa,"Тимчасовий союз організацій або груп, створений для досягнення спільної мети."
SB-1085,soak,v.,замочити,Насичуватися рідиною шляхом занурення в неї.,P1,"ua is transitive perfective, but the definition is reflexive/intransitive and covers only one soak construction.",clean-candidate,soak → «замочити»; definition (to become saturated with liquid by immersion) conveys the sense; verb POS matches.,Насичуватися рідиною,P2,medium,voice-alignment,"ua «замочити» is transitive/perfective but the definition «Насичуватися рідиною» is reflexive/intransitive, covering one construction; a real voice mismatch, minor, P2 (Pass A graded P1).",both,"ua: замочувати; просочуватися | definitionUa: Занурювати в рідину, щоб добре намочити; також насичуватися рідиною."
SB-1462,outcomes,word family,результати,"Те, що виробляється або відбувається в результаті події чи процесу.",P1,"Plural outcomes is defined with singular «Те, що».",clean-candidate,outcomes → «результати»; definition (what is produced or happens as a result of an event or process) is accurate; plural noun POS matches.,"Те, що виробляється",P2,medium,number-agreement,"plural outcomes is defined by singular «Те, що виробляється»; a number mismatch, minor, P2 (Pass A graded P1).",definitionUa,"Результати, що виникають унаслідок подій або процесів."
SB-0485,experimental,adj.,експериментальний,Відносно або засноване на експерименті.,P1,«Відносно» is a Russian-influenced calque and neuter «засноване» does not agree with the adjective.,clean-candidate,experimental → «експериментальний»; definition (relating to or based on experiment) is accurate; adjective POS matches.,засноване,P2,medium,calque-russianism,"«Відносно» calque plus neuter «засноване» not agreeing with the masculine adjective; understandable, so P2 (Pass A graded P1).",definitionUa,"Такий, що стосується експерименту або ґрунтується на ньому."
SB-0472,exaggerate,v.,перебільшувати,"Перебільшувати, описувати більше, ніж факт.",P2,"The definition is circular and «описувати більше, ніж факт» is not idiomatic Ukrainian.",clean-candidate,exaggerate → «перебільшувати»; definition (to overstate; to describe more than the fact) is accurate though near-circular; verb POS matches.,"описувати більше, ніж факт",P2,medium,pedagogical-definition,"the definition is near-circular and «описувати більше, ніж факт» is unidiomatic; conveys exaggerate, so P2 (Pass A).",definitionUa,"Представляти щось більшим, кращим, гіршим або важливішим, ніж воно є насправді."
SB-0162,capability,n.,здатність,Сила або здатність генерувати результат.,P2,«Генерувати результат» is an avoidable technical calque in a general learner definition.,clean-candidate,capability → «здатність»; definition (power or ability to produce a result) is accurate; noun POS matches.,генерувати результат,P2,medium,idiomatic-ukrainian,"«генерувати результат» is an avoidable technical calque in a general learner definition; minor, P2 (Pass A).",definitionUa,Здатність або можливість досягти певного результату.
SB-1709,reinforced,word family,посилений,Був або містить підкріплення.,P1,«Був або містить» mixes past and present and does not align with reinforced.,clean-candidate,reinforced → «посилений»; definition (was or contains reinforcement) conveys the sense despite terse phrasing; consistent gloss.,Був або містить підкріплення,P2,medium,tense-alignment,"«Був або містить» mixes past and present and is terse; conveys reinforced, so P2 (Pass A graded P1).",definitionUa,"Посилений додатковою опорою, матеріалом або аргументом."
SB-0129,biography,n.,біографія,"Історія життя людини, особливо опублікованої.",P1,«Особливо опублікованої» grammatically modifies the person rather than the account of the life.,clean-candidate,"biography → «біографія»; definition (the life story of a person, esp. published) is accurate; noun POS matches.",особливо опублікованої,P2,medium,grammar-syntax,"«особливо опублікованої» grammatically attaches to the person rather than the life-account; a mild misparse, comprehensible, P2 (Pass A graded P1).",definitionUa,"Опис життя людини, написаний іншою особою."
SB-0581,hint,"n., v.",підказка,Мати на увазі без прямого твердження; щоб надати підказку.,P1,"The source is noun and verb, but ua is noun-only; the definition also breaks its infinitive pattern.",clean-candidate,"hint → «підказка»; definition (to imply without direct statement; to give a clue) covers the n.,v. senses; POS tag matches.",Мати на увазі без прямого твердження,P1,high,pos-alignment,"hint is n.,v. but ua «підказка» is noun-only while the definition is verb-framed and breaks its own pattern — a POS coverage/consistency defect (Pass A) confirmed.",both,ua: натяк; натякати | definitionUa: Непряма підказка; також давати зрозуміти щось без прямого твердження.
SB-1633,chemical,word family,хімічний,З хімії або пов'язаної з нею.,P1,«З хімії або пов’язаної з нею» is a fragment with feminine agreement.,clean-candidate,chemical → «хімічний»; definition (of or related to chemistry) is accurate; adjective POS matches.,пов'язаної з нею,P2,medium,grammar-syntax,"«З хімії або пов’язаної з нею» is a feminine-agreeing fragment for the masculine adjective; understandable, so P2 (Pass A graded P1).",definitionUa,Пов’язаний із хімією або хімічними речовинами.
SB-1058,serial,adj.,серійний,Маючи відношення до або розташовані в ряд.,P1,"«Маючи відношення» is Russian-influenced, and plural «розташовані» disagrees with the adjective.",clean-candidate,serial → «серійний»; definition (relating to or arranged in a series/row) conveys the sense; adjective POS matches.,Маючи відношення,P2,medium,calque-russianism,"«Маючи відношення» is Russian-influenced and «розташовані» disagrees with the adjective; comprehensible, so P2 (Pass A graded P1).",definitionUa,"Розташований або такий, що відбувається послідовно, один за одним."
SB-0438,empirical,adj.,емпіричний,"Стосовно або засноване на досвіді, на відміну від теорії.",P2,Neuter «засноване» does not agree with the masculine adjective being defined.,clean-candidate,"empirical → «емпіричний»; definition (relating to or based on experience, as opposed to theory) is accurate; adjective POS matches.",на відміну від теорії,P2,medium,grammar-syntax,"neuter «засноване» does not agree with the masculine adjective; a minor agreement slip, P2 (Pass A).",definitionUa,"Такий, що ґрунтується на досвіді або спостереженні, а не лише на теорії."
SB-1065,sheer,adj.,чистий,прямо; повний; чистий.,P1,Lowercase adverbs and adjectives («прямо; повний; чистий») mix forms and fail to distinguish sheer senses.,clean-candidate,sheer → «чистий»; definition (utter; complete; pure) conveys the intensifier sense; adjective POS matches.,прямо; повний; чистий,P1,medium,pos-alignment,«прямо; повний; чистий» mixes adverb/adjective forms and the gloss «чистий» misses sheer's core 'utter/complete' and 'steep' senses; Pass A's POS/sense defect holds.,both,ua: цілковитий; прямовисний; прозорий | definitionUa: Повний або абсолютний; також дуже крутий чи тонкий і прозорий.
SB-1394,evaluation,word family,оцінка,"Оцінка, як-от щорічна перевірка продуктивності персоналу, яка використовується як основа для підвищення зарплати чи премії, або короткий опис конкретної ситуації.",P1,The definition incorrectly includes a brief description as an evaluation and mixes unlike senses.,clean-candidate,"evaluation → «оцінка»; definition (appraisal, e.g. annual staff review) is accurate; noun POS matches.",короткий опис конкретної ситуації,P2,medium,semantic-fidelity,"folding «короткий опис конкретної ситуації» into evaluation blurs unlike senses; the core appraisal sense is right, so P2 (Pass A graded P1).",definitionUa,"Систематичне визначення якості, ефективності або цінності когось чи чогось."
SB-1530,retained,word family,зберігається,"продовжується у вашому зберіганні, використанні чи пам’яті",P1,ua present impersonal «зберігається» and second-person «вашому» do not align with retained.,clean-candidate,"retained → «зберігається»; definition (continues in your keeping, use or memory) conveys the sense; lowercase/no-period trivial.",вашому зберіганні,P2,medium,pos-alignment,"ua impersonal «зберігається» plus second-person «вашому» misalign with the participle retained; comprehensible, so P2 (Pass A graded P1).",both,"ua: збережений | definitionUa: Утриманий, збережений або залишений для подальшого використання чи пам’яті."
SB-1715,theme,word family,тема,"Предмет, тепер особливо розмови чи художнього твору; тема.",P2,The definition repeats «тема» and gives little distinction.,clean-candidate,"theme → «тема»; definition (the subject, esp. of conversation or an artistic work) is accurate; noun POS matches.",художнього твору; тема,P2,medium,pedagogical-definition,"the definition repeats «тема» and adds little distinction; thin, P2 (Pass A).",definitionUa,"Головний предмет розмови, дослідження або художнього твору."
SB-0981,rehabilitation,n.,реабілітація,Процес реабілітації когось або чогось.,P2,The definition merely repeats rehabilitation and adds no learner-usable meaning.,clean-candidate,rehabilitation → «реабілітація»; definition restates the cognate ('process of rehabilitating') — thin but not misleading for a direct cognate.,Процес реабілітації,P2,high,pedagogical-definition,"«Процес реабілітації когось або чогось» is fully circular on the cognate; not misleading, so P2 (Pass A).",definitionUa,"Процес відновлення здоров’я, здібностей, репутації або належного стану."
SB-1352,method,word family,метод,"Процес, за допомогою якого виконується завдання; спосіб виконання чогось (з наступним додаванням, до або для мети процесу).",P1,"The parenthetical «з наступним додаванням, до або для мети процесу» is unintelligible.",clean-candidate,method → «метод»; definition (a process by which a task is performed; a way of doing something) is accurate; noun POS matches.,"з наступним додаванням, до або для мети процесу",P1,high,grammar-syntax,"the parenthetical «з наступним додаванням, до або для мети процесу» is unintelligible learner-facing text; Pass A's broken-syntax defect is confirmed.",definitionUa,Упорядкований спосіб або процедура виконання завдання.
SB-0754,memorial,n.,меморіал,"Щось, наприклад пам'ятник, яким хтось або щось згадується.",P2,«Яким хтось або щось згадується» is a literal and unidiomatic passive construction.,clean-candidate,"memorial → «меморіал»; definition (something, e.g. a monument, by which someone or something is remembered) is accurate; noun POS matches.",яким хтось або щось згадується,P2,medium,calque-russianism,"«яким хтось або щось згадується» is a literal, unidiomatic passive; conveys memorial, so P2 (Pass A).",definitionUa,"Об’єкт або споруда, створені на пам’ять про людину чи подію."
SB-1340,financial,word family,фінансовий,Пов'язані з фінансами.,P1,Plural «Пов’язані» does not agree with singular фінансовий.,clean-candidate,financial → «фінансовий»; definition (relating to finance) is accurate; adjective POS matches; plural agreement in the gloss-def is trivial.,Пов'язані з фінансами,P2,medium,number-agreement,"plural «Пов’язані» does not agree with the singular фінансовий; a minor agreement slip, P2 (Pass A graded P1).",definitionUa,"Пов’язаний із фінансами, грошима або управлінням коштами."
SB-1442,demonstrate,word family,продемонструвати,"Показувати, демонструвати або представляти; довести або зробити очевидним",P2,The definition is missing terminal punctuation.,clean-candidate,"demonstrate → «продемонструвати»; definition (to show, present, or make evident; to prove) is accurate; verb POS matches.",зробити очевидним,P2,high,ui-formatting,content is correct; only the terminal period is missing — cosmetic P2 (Pass A).,definitionUa,"Показувати, представляти або доводити щось так, щоб воно стало очевидним."
SB-1152,suicide,n.,самогубство,Акт навмисного самогубства.,P2,«Акт навмисного самогубства» is fully circular.,clean-candidate,suicide → «самогубство»; definition (the act of intentionally killing oneself) is accurate; noun POS matches.,Акт навмисного самогубства,P2,high,pedagogical-definition,"«Акт навмисного самогубства» is fully circular on the headword; not misleading, so P2 (Pass A).",definitionUa,Навмисне позбавлення себе життя.
SB-1089,solely,adv.,виключно,поодинці; виключно.,P2,The definition starts with a lowercase letter.,clean-candidate,solely → «виключно»; definition (alone; exclusively) is accurate though it restates the gloss; adverb POS matches.,поодинці; виключно,P2,high,ui-formatting,content is correct; the definition merely starts lowercase — cosmetic P2 (Pass A).,definitionUa,Лише; без участі або впливу інших.
SB-1771,encountered,word family,зіткнувся,"Зустріти (когось) або знайти (щось), особливо несподівано.",P1,ua masculine past «зіткнувся» conflicts with the infinitive definition and does not provide a neutral participle.,P2,"encountered glossed «зіткнувся» is a 3sg masculine past finite verb, an inconsistent citation for a word-family entry (peers use participles/impersonals); the definition itself is fine.",зіткнувся,P2,medium,tense-alignment,"DIVERGENCE from Pass A (P1): ua «зіткнувся» is a finite masculine-past citation rather than a neutral participle, but the definition is correct and the learner is not misled on meaning — a citation-form issue (P2), matching Pass B's severity.",both,"ua: зустрінутий; виявлений | definitionUa: Зустрінутий або знайдений, особливо несподівано."
SB-0852,passive,adj.,пасивний,Піддаватися дії без реакції.,P2,The adverbial participle «Піддаватися» does not directly define the adjective.,clean-candidate,passive → «пасивний»; definition 'undergo action without reaction' conveys the adjective sense adequately for a learner.,Піддаватися дії без реакції,P2,medium,pos-alignment,"«Піддаватися дії без реакції» uses an infinitive to gloss the adjective; conveys passive adequately, so P2 (Pass A).",definitionUa,"Такий, що не діє активно або не чинить опору."
SB-0190,clash,n.,зіткнення,"опозиція; протиріччя; наприклад, між різними або суперечливими інтересами, поглядами, цілями тощо.",P2,The definition starts with a lowercase letter.,clean-candidate,"clash → «зіткнення»; definition (opposition or contradiction between conflicting interests, views or aims) is accurate; noun POS matches.",опозиція; протиріччя,P2,high,ui-formatting,content is correct; the definition merely starts lowercase — cosmetic P2 (Pass A).,definitionUa,"Протистояння або суперечність між різними інтересами, поглядами чи цілями."
SB-1559,generated,word family,створений,Приводити в життя; породжувати.,P1,"Generated is an adjective/past participle, but the definition uses present infinitives.",clean-candidate,generated → «створений»; definition (to bring into being; to produce) conveys the sense; consistent gloss for the family.,Приводити в життя,P2,medium,pos-alignment,"present infinitives «Приводити в життя; породжувати» gloss the past participle generated; conveys the sense, so P2 (Pass A graded P1).",definitionUa,"Створений, вироблений або породжений певним процесом."
SB-0794,neglect,"v., n.",нехтувати,Не дбати про щось або не звертати уваги.,P1,"The source is noun and verb, but ua and the definition cover only the verb.",clean-candidate,"neglect → «нехтувати»; definition (fail to care for or pay attention) is accurate for the verb sense; POS covers v.,n.",Не дбати про щось,P1,high,pos-alignment,"neglect is v.,n. but ua «нехтувати» and the definition cover only the verb, dropping the noun sense; Pass A's coverage defect is confirmed.",both,ua: нехтування; нехтувати | definitionUa: Брак належної уваги чи догляду; також не дбати або не звертати уваги.
SB-1092,solo,"adj., n.",соло,"Робота або виконання, виконане однією особою.",P1,"The source is adjective and noun, but ua and the definition cover only the noun.",clean-candidate,"solo → «соло»; definition (a work or performance done by one person) is accurate; adj.,n. POS matches.",виконане однією особою,P1,high,pos-alignment,"solo is adj.,n. but ua «соло» and the definition cover only the noun, dropping the adjective sense; Pass A's coverage defect holds.",both,ua: соло; сольний | definitionUa: Виконання однією особою; також призначений для одного виконавця.
SB-0764,midst,n.,посеред,Місце в середині чого-небудь; може використовуватися в буквальному або метафоричному значенні.,P1,"The source is a noun but ua «посеред» is a preposition/adverb, not a noun equivalent.",clean-candidate,"midst → «посеред»; definition (a place in the middle of something, literal or metaphorical) is accurate; noun POS matches.",посеред,P1,high,pos-alignment,"midst is a noun but ua «посеред» is a preposition/adverb, giving no noun equivalent; Pass A's POS mismatch is confirmed.",both,ua: середина; центр | definitionUa: Середня частина або оточення чогось; часто у вислові «посеред чогось».
SB-0494,faction,n.,фракція,"Група людей, особливо всередині політичної організації, яка висловлює спільні переконання або думку, відмінну від людей, які не є частиною групи.",P1,The final comparison says an opinion differs from people rather than from their views.,clean-candidate,"faction → «фракція»; definition (a group, esp. within a political body, sharing a distinct opinion) is accurate; noun POS matches.",відмінну від людей,P2,medium,semantic-fidelity,"the comparison «думку, відмінну від людей» contrasts an opinion with people rather than with their views; a mild logical slip, comprehensible, P2 (Pass A graded P1).",definitionUa,"Група всередині більшої організації, члени якої мають спільні погляди, відмінні від поглядів інших членів."
SB-0092,assertion,n.,твердження,Акт ствердження; позитивна декларація або авермент.,P1,The unexplained rare borrowing «авермент» is unsuitable and unnecessary in learner-facing Ukrainian.,clean-candidate,assertion → «твердження»; definition (act of asserting; a positive declaration) is accurate; noun POS matches.,авермент,P2,medium,learner-register,"«авермент» is a rare, unexplained borrowing unsuitable for learner-facing Ukrainian; the rest is fine, so a register P2 (Pass A graded P1).",definitionUa,Упевнене й чітке твердження або заява.
SB-0060,amateur,"adj., n.",любитель,"Людина, прив’язана до певної діяльності, навчання, науки чи мистецтва (наприклад, музики чи живопису), особливо та, яка розвиває будь-які дослідження, інтереси, смаки чи прихильності, не займаючись цим професійно.",P1,"The source is adjective and noun, but the Ukrainian value and definition cover only the noun.",clean-candidate,amateur → «любитель»; definition (one who pursues an activity/art without doing it professionally) is accurate; noun/adj POS matches.,не займаючись цим професійно,P1,high,pos-alignment,"amateur is adj.,n. but ua «любитель» and the definition cover only the noun, omitting the adjective; Pass A's coverage defect is confirmed (Pass B wrongly claimed noun/adj matched).",both,"ua: аматор; аматорський | definitionUa: Людина, яка займається чимось не професійно; також такий, що стосується непрофесійної діяльності."
SB-0475,excess,"n., adj.",надлишок,"Стан перевищення або виходу за межі; стан поза достатністю, необхідністю або обов'язком; більше, ніж те, що є звичайним або належним.",P1,"The source is noun and adjective, but ua and the definition cover only the noun sense.",clean-candidate,"excess → «надлишок»; definition (the state of exceeding or going beyond limits; more than usual or proper) is accurate; n.,adj. POS matches.",Стан перевищення,P1,medium,pos-alignment,"excess is n.,adj. but ua «надлишок» and the definition cover only the noun sense; Pass A's coverage defect holds.",both,"ua: надлишок; надмірний | definitionUa: Кількість понад необхідну норму; також більший, ніж потрібно або дозволено."
SB-0500,favourable,adj.,сприятливий,"Вираження або вказівка ​​на прихильність чи доброзичливість; схвалюючи, заохочуючи.",P1,The definition uses a noun phrase and adverbial participles instead of defining the adjective.,clean-candidate,"favourable → «сприятливий»; definition (expressing or indicating favour; approving, encouraging) is accurate; adjective POS matches.",Вираження або вказівка,P2,medium,pos-alignment,"the definition uses a noun phrase plus adverbial participles instead of defining the adjective; conveys favourable, so P2 (Pass A graded P1).",definitionUa,"Такий, що виражає схвалення або створює добрі умови для успіху."
SB-0353,deputy,n.,заступник,"Той, кого призначають на заміну інших і мають право діяти за них від їхнього імені або від їхнього імені; заступник на посаді.",P1,The definition has singular/plural disagreement and repeats «від їхнього імені» nonsensically.,clean-candidate,deputy → «заступник»; definition (one appointed to substitute for another and authorised to act on their behalf) is accurate; noun POS matches.,від їхнього імені або від їхнього імені,P1,high,grammar-syntax,the definition has singular/plural disagreement and nonsensically repeats «від їхнього імені»; Pass A's broken-syntax defect is confirmed.,definitionUa,"Особа, призначена діяти замість іншої або допомагати посадовцеві як його заступник."
SB-1558,fundamental,word family,фундаментальний,Основний; надзвичайно важливо.,P1,Adverbial «надзвичайно важливо» does not agree with the adjective.,clean-candidate,fundamental → «фундаментальний»; definition (basic; extremely important) conveys the sense; adjective POS matches.,надзвичайно важливо,P2,medium,pos-alignment,"adverbial «надзвичайно важливо» does not agree with the adjective fundamental; comprehensible, so P2 (Pass A graded P1).",definitionUa,"Основний, базовий або надзвичайно важливий."
SB-0664,invisible,adj.,невидимий,Неможливо побачити; з поля зору; не видно.,P2,«Неможливо побачити; з поля зору; не видно» is a sequence of mismatched fragments.,clean-candidate,invisible → «невидимий»; definition (impossible to see; out of view; not seen) is accurate; adjective POS matches.,з поля зору; не видно,P2,medium,grammar-syntax,"«Неможливо побачити; з поля зору; не видно» is a chain of loosely joined fragments; conveys invisible, so P2 (Pass A).",definitionUa,"Такий, якого неможливо побачити або який перебуває поза полем зору."
SB-0695,legislative,adj.,законодавчий,Створення закону або законів або наявність повноважень приймати закони; правотворчість.,P1,«Створення закону» is a noun phrase and does not define the adjective legislative.,clean-candidate,legislative → «законодавчий»; definition (making laws or having the power to make laws) is accurate; adjective POS matches.,Створення закону або законів,P2,medium,pos-alignment,"«Створення закону» is a noun phrase rather than an adjective definition; conveys legislative, so P2 (Pass A graded P1).",definitionUa,Пов’язаний з ухваленням законів або наділений повноваженнями їх ухвалювати.
SB-1415,regulations,word family,нормативні акти,"Закон або адміністративне правило, видане організацією, яке використовується для керівництва чи приписування поведінки членів цієї організації.",P1,Plural regulations is defined as one law or rule.,clean-candidate,regulations → «нормативні акти»; definition (a rule issued by an organisation to guide members' conduct) is accurate; plural noun POS matches.,Закон або адміністративне правило,P2,medium,number-agreement,"plural regulations is defined by singular «Закон або адміністративне правило»; a number mismatch, minor, P2 (Pass A graded P1).",definitionUa,"Офіційні правила або нормативні акти, що визначають чи обмежують поведінку."
SB-1665,quotation,word family,цитата,"Фрагмент людського виразу, який повторює хтось інший, наприклад, з літератури чи відомої промови.",P1,«Фрагмент людського виразу» is a literal and unidiomatic rendering of someone's words.,clean-candidate,"quotation → «цитата»; definition (a fragment of expression repeated by another, e.g. from literature or a famous speech) is accurate; noun POS matches.",Фрагмент людського виразу,P2,medium,calque-russianism,"«Фрагмент людського виразу» is a literal, unidiomatic rendering of someone's words; conveys quotation, so P2 (Pass A graded P1).",definitionUa,Точне відтворення слів іншої людини або уривка з тексту.
SB-1692,eventually,word family,зрештою,"Зрештою; пізніше, особливо після тривалого часу, серія проблем, боротьби, затримок або невдач.",P1,"Singular nominative «серія» is invalid after «після», which requires genitive.",clean-candidate,"eventually → «зрештою»; definition (in the end; later, esp. after a long time or series of problems) is accurate; adverb POS matches.",серія проблем,P2,medium,grammar-syntax,"nominative «серія» after «після» should be genitive «серії» — a case error; comprehensible, so P2 (Pass A graded P1).",definitionUa,"Зрештою, особливо після тривалого часу, серії проблем, затримок або невдач."
SB-1511,internal,word family,внутрішній,З або розташована всередині.,P1,«З або розташована всередині» is a fragment with feminine agreement against masculine internal.,clean-candidate,internal → «внутрішній»; definition (of or located inside) conveys the sense despite the calqued 'З або' opening; adjective POS matches.,З або розташована всередині,P2,medium,grammar-syntax,"«З або розташована всередині» is a feminine-agreeing fragment for the masculine adjective internal; conveys the sense, so P2 (Pass A graded P1).",definitionUa,Розташований усередині або пов’язаний із внутрішньою частиною.
SB-1509,implications,word family,наслідки,Можливий або непрямий ефект або результат рішення чи дії.,P1,Plural implications is defined as one possible effect.,clean-candidate,implications → «наслідки»; definition (a possible or indirect effect or result of a decision or action) is accurate; plural noun POS matches.,Можливий або непрямий ефект,P2,medium,number-agreement,"plural implications is defined by a singular effect; a number mismatch, minor, P2 (Pass A graded P1).",definitionUa,"Можливі або непрямі наслідки рішення, дії чи твердження."
SB-1252,unprecedented,adj.,безпрецедентний,"Ніколи раніше не бачив, не робив і не відчував; без прецеденту.",P1,"Subjectless masculine past verbs «не бачив, не робив» do not define the adjective.",clean-candidate,"unprecedented → «безпрецедентний»; definition (never seen, done or felt before; without precedent) is accurate; adjective POS matches.",Ніколи раніше не бачив,P2,medium,grammar-syntax,"subjectless masculine-past verbs «не бачив, не робив» gloss the adjective; conveys unprecedented, so P2 (Pass A graded P1).",definitionUa,"Такий, якого раніше не було або який не має відомого прецеденту."
SB-1669,survive,word family,вижити,"Про людину, продовжувати жити; залишитися живим.",P1,"«Про людину, продовжувати жити» is a broken construction and unnecessarily excludes other organisms or persistence.",clean-candidate,"survive → «вижити»; definition (of a person, to continue to live; to remain alive) is accurate; verb POS matches.","Про людину, продовжувати жити",P2,medium,grammar-syntax,"«Про людину, продовжувати жити» is a broken construction that also over-narrows to persons; conveys survive, so P2 (Pass A graded P1).",definitionUa,Залишатися живим після небезпеки; також продовжувати існувати.
SB-0892,predominantly,adv.,переважно,Переважним чином. Найчастіше або часто з великим відривом.,P2,«Переважним чином» is awkward and the second sentence is a fragment.,clean-candidate,predominantly → «переважно»; definition (in a predominant manner; most often or by a large margin) is accurate; adverb POS matches.,Переважним чином,P2,medium,grammar-syntax,"«Переважним чином» is awkward and the second sentence is a fragment; conveys predominantly, so P2 (Pass A).",definitionUa,Головним чином; здебільшого або у значно більшій мірі.
SB-1203,thread,n.,нитка,"Шнур, утворений шляхом прядіння або скручування разом текстильних волокон або ниток в одне або кілька безперервних ниток, зазвичай використовується в рукоділлі.",P1,The definition redundantly twists «ниток ... в ... ниток» and has broken number and reference.,clean-candidate,"thread → «нитка»; definition (a cord formed by spinning or twisting textile fibres, used in needlework) is accurate; noun POS matches.",в одне або кілька безперервних ниток,P2,medium,grammar-syntax,"the definition redundantly loops «ниток … в … ниток» with broken number; conveys thread, so P2 (Pass A graded P1).",definitionUa,"Тонка довга пряжа зі скручених волокон, яку використовують для шиття або ткацтва."
SB-1721,visual,word family,візуальний,Пов’язані із зором або впливають на нього.,P1,Plural «Пов’язані ... впливають» does not agree with singular візуальний.,clean-candidate,visual → «візуальний»; definition (relating to or affecting sight) is accurate; adjective POS matches.,зором або впливають на нього,P2,medium,number-agreement,"plural «Пов’язані … впливають» does not agree with the singular adjective visual; comprehensible, so P2 (Pass A graded P1).",definitionUa,"Пов’язаний із зором або тим, що сприймається очима."
SB-1236,tribute,n.,данина,"Визнання вдячності, поваги чи захоплення; супутній подарунок.",P2,«Супутній подарунок» is awkward and does not clearly connect a tribute with honoring someone.,clean-candidate,"tribute → «данина»; definition (an acknowledgement of gratitude, respect or admiration; an accompanying gift) is accurate; noun POS matches.",супутній подарунок,P2,medium,idiomatic-ukrainian,"«супутній подарунок» is awkward and loosely tied to honouring someone; conveys tribute, so P2 (Pass A).",definitionUa,"Вияв вдячності, поваги чи захоплення, іноді у формі подарунка."
SB-1087,socialist,adj.,соціалістичний,"Відносно, підтримка чи пропаганда соціалізму.",P1,"«Відносно, підтримка чи пропаганда» is malformed and uses mismatched noun forms.",clean-candidate,"socialist → «соціалістичний»; definition (relating to, supporting or advocating socialism) conveys the sense; adjective POS matches.","Відносно, підтримка чи пропаганда",P2,medium,grammar-syntax,"«Відносно, підтримка чи пропаганда соціалізму» is malformed with mismatched noun forms; conveys socialist, so P2 (Pass A graded P1).",definitionUa,"Пов’язаний із соціалізмом або такий, що підтримує його."
SB-0257,consolidate,v.,консолідувати,Об'єднати в єдине ціле; щоб об’єднатися або приєднатися.,P1,The second clause «щоб об’єднатися» breaks the infinitive definition and changes the agent.,clean-candidate,consolidate → «консолідувати»; definition (to combine into a single whole; to unite or join) is accurate; verb POS matches.,щоб об’єднатися або приєднатися,P2,medium,grammar-syntax,"«щоб об’єднатися» breaks the infinitive definition and shifts the agent; conveys consolidate, so P2 (Pass A graded P1).",definitionUa,Об’єднувати окремі частини в єдине ціле; зміцнювати досягнуте.
SB-0400,disturbing,adj.,тривожний,Спричинення дистресу або занепокоєння; засмучення або тривога.,P2,The definition mixes a verbal noun phrase with nouns and does not cleanly define the adjective.,clean-candidate,disturbing → «тривожний»; definition (causing distress or worry; upsetting or alarming) is accurate; adjective POS matches.,Спричинення дистресу або занепокоєння,P2,medium,pos-alignment,"the definition mixes a verbal-noun phrase with nouns rather than defining the adjective; conveys disturbing, so P2 (Pass A).",definitionUa,"Такий, що спричиняє тривогу, занепокоєння або сильний душевний дискомфорт."
SB-0539,gaze,"n., v.",погляд,Дивитися пильно або серйозно.,P1,"The source is noun and verb, but ua is noun-only and the definition verb-only.",clean-candidate,"gaze → «погляд»; definition (to look steadily or intently) covers the n.,v. senses; POS tag matches.",Дивитися пильно або серйозно,P1,high,pos-alignment,"gaze is n.,v. but ua «погляд» is noun-only while the definition is verb-only — an internal POS mismatch; Pass A's coverage defect is confirmed.",both,ua: пильний погляд; пильно дивитися | definitionUa: Тривалий уважний погляд; також довго й уважно дивитися.
SB-0437,emergence,n.,поява,"Акт підйому з рідини, виходу з огортання чи приховування, або підняття в поле зору; зовнішній вигляд.",P1,«Зовнішній вигляд» is a false-friend rendering of appearance and does not mean emergence.,P2,"emergence gloss «поява» is correct, but the definition ends with «зовнішній вигляд» (physical looks), a wrong reading of the polysemous 'appearance' (coming into view).",зовнішній вигляд,P1,high,semantic-fidelity,"the definition ends «зовнішній вигляд» (physical looks), a false-friend reading of 'appearance' that mis-teaches emergence; P1 (Pass A) over Pass B's P2.",definitionUa,"Процес появи, виникнення або виходу з прихованого стану."
SB-1371,theory,word family,теорія,"Послідовне твердження або набір ідей, які пояснюють спостережувані факти чи явища та правильно передбачають нові факти чи явища, які раніше не спостерігалися, або які встановлюють закони та принципи чогось відомого чи спос...",P1,The learner-facing theory definition is physically truncated at 225 characters («...спос...»).,P2,"theory definition is truncated, ending «...відомого чи спос...»; the gloss «теорія» is correct but the learner sees an unfinished sentence.",відомого чи спос,P1,high,ui-truncation,"the learner-facing definition is physically truncated mid-word at «…відомого чи спос…»; broken text, so P1 (Pass A) over Pass B's P2.",definitionUa,"Система взаємопов’язаних ідей, що пояснює факти або явища й дає змогу робити перевірні передбачення."
SB-0883,portray,v.,зображувати,"Грати роль; для зображення персонажа, людини, ситуації чи події.",P1,«Для зображення» breaks the infinitive definition and the noun/verb coverage is not stated coherently.,clean-candidate,portray → «зображувати»; definition (play a role; depict a character/situation) is accurate; verb POS matches.,для зображення персонажа,P2,medium,grammar-syntax,"«для зображення» breaks the infinitive definition; conveys portray, so P2 (Pass A graded P1).",definitionUa,"Зображувати людину, персонажа, ситуацію чи подію, зокрема грати роль у виставі або фільмі."
SB-1235,tribunal,n.,трибунал,"Збори, до складу яких входять один або більше суддів для ведення судових справ; суд.",P1,"«Збори» describes a gathering, not a court or adjudicative body.",clean-candidate,tribunal → «трибунал»; definition (an assembly of one or more judges to conduct judicial business; a court) is accurate; noun POS matches.,"Збори, до складу яких",P2,medium,semantic-fidelity,"«Збори» suggests a gathering rather than a court, but the trailing «; суд» repairs it; comprehensible, so P2 (Pass A graded P1).",definitionUa,"Суд або спеціальний орган з одним чи кількома суддями, який розглядає певні справи."
SB-1119,statistical,adj.,статистичний,Статистики або пов’язані зі статистикою.,P1,«Статистики або пов’язані» combines a noun with a plural adjective and does not define the singular adjective.,clean-candidate,statistical → «статистичний»; definition (of or relating to statistics) is accurate; adjective POS matches.,Статистики або пов’язані зі статистикою,P2,medium,grammar-syntax,"«Статистики або пов’язані» combines a noun with a plural adjective; conveys statistical, so P2 (Pass A graded P1).",definitionUa,Пов’язаний зі статистикою або заснований на статистичних даних.
SB-0649,intensity,n.,інтенсивність,Якість інтенсивності.,P2,«Якість інтенсивності» is circular and gives learners no usable meaning.,clean-candidate,intensity → «інтенсивність»; definition restates the cognate ('quality of being intense') — thin but not misleading; noun POS matches.,Якість інтенсивності,P2,high,pedagogical-definition,"«Якість інтенсивності» is circular on the cognate and gives no usable meaning; not misleading, so P2 (Pass A).",definitionUa,"Ступінь сили, яскравості або вираженості чогось."
SB-1377,aspects,word family,аспекти,"Будь-яка конкретна особливість, частина або елемент чогось.",P1,Plural headword aspects is defined with singular «Будь-яка ... особливість».,clean-candidate,"aspects → «аспекти»; definition (any particular feature, part or element of something) is accurate; plural noun POS matches.",Будь-яка конкретна особливість,P2,medium,number-agreement,"plural aspects is defined by the singular «Будь-яка … особливість»; a number mismatch, minor, P2 (Pass A graded P1).",definitionUa,"Окремі особливості, частини або сторони чогось."
SB-1491,code,word family,код,"Інструкція до комп'ютера, написана мовою програмування; вхідні дані транслятора, інтерпретатора або браузера, а саме: вихідний код, машинний код, байт-код.",P2,The definition treats code as one instruction and oddly lists a browser as a translator.,clean-candidate,code → «код»; definition (an instruction to a computer written in a programming language; source/machine/byte code) is accurate; noun POS matches.,Інструкція до комп'ютера,P2,medium,pedagogical-definition,"the definition treats code as a single instruction and oddly lists a browser as a translator; imprecise, so P2 (Pass A).",definitionUa,"Набір інструкцій, написаних мовою програмування для виконання комп’ютером."
SB-1414,region,word family,область,"Будь-яка значна і зв'язана частина простору або поверхні; зокрема, ділянка землі чи моря значної, але невизначеної протяжності; країна; район;",P2,The definition ends with a semicolon instead of terminal punctuation.,clean-candidate,"region → «область»; definition (a significant, connected part of space or surface; a tract of land) is accurate; noun POS matches.",країна; район;,P2,high,ui-formatting,content is correct; the definition ends on a semicolon rather than terminal punctuation — cosmetic P2 (Pass A).,definitionUa,"Значна безперервна частина території, простору або поверхні."
SB-0545,glorious,adj.,славний,"Демонстрація атрибутів, якостей або вчинків, які гідні чи отримують славу.",P1,The noun phrase «Демонстрація атрибутів» does not define an adjective and is not idiomatic Ukrainian.,clean-candidate,glorious → «славний»; definition (showing attributes worthy of or receiving glory) is accurate; adjective POS matches.,Демонстрація атрибутів,P2,medium,pos-alignment,"«Демонстрація атрибутів…» is a noun phrase rather than an adjective definition; conveys glorious, so P2 (Pass A graded P1).",definitionUa,"Такий, що заслуговує великої слави або викликає захоплення."
SB-1552,entities,word family,сутності,"Те, що існує як окрема одиниця, часто використовується для організацій, які не мають фізичної форми.",P1,"Plural entities is defined with singular «Те, що».",clean-candidate,"entities → «сутності»; definition (something existing as a distinct unit, often for organisations without physical form) matches the entity family; plural noun POS.","Те, що існує як окрема одиниця",P2,medium,number-agreement,"plural entities is defined by singular «Те, що»; a number mismatch, minor, P2 (Pass A graded P1).",definitionUa,Окремі самостійні об’єкти або організації.
SB-0911,prevention,n.,профілактика,"Будь-які заходи, спрямовані на обмеження ризиків для здоров’я (такі як інформаційні кампанії, вакцинація, рання діагностика тощо).",P1,"The definition restricts prevention to health measures, omitting the general act of stopping something from happening.",clean-candidate,"prevention → «профілактика»; definition (measures to limit health risks: campaigns, vaccination, early diagnosis) is accurate; noun POS matches.",ризиків для здоров’я,P2,medium,sense-coverage,"prevention is narrowed to «ризиків для здоров’я», matching «профілактика» but omitting the general 'stopping something'; comprehensible, so P2 (Pass A graded P1).",definitionUa,"Дії або заходи, спрямовані на те, щоб не допустити небажаної події чи зменшити її ризик."
SB-1697,implicit,word family,неявний,"Пропонується опосередковано, без прямого вираження.",P1,«Пропонується опосередковано» falsely translates implied as proposed.,clean-candidate,"implicit → «неявний»; definition (implied indirectly, without direct expression) is accurate; adjective POS matches.",Пропонується опосередковано,P1,high,semantic-fidelity,"«Пропонується опосередковано» renders 'implied' as 'is proposed/offered', a false sense of implicit; Pass A's semantic defect is confirmed over Pass B's clean.",definitionUa,Мається на увазі без прямого висловлення.
SB-0592,humble,adj.,скромний,"Мати низьку думку про себе; не гордий, зарозумілий або самовпевнений; скромний.",P2,Humility is not necessarily having a low opinion of oneself; that wording can teach an inaccurate sense.,clean-candidate,humble → «скромний»; definition (having a low opinion of oneself; not proud or arrogant) is accurate; adjective POS matches.,Мати низьку думку про себе,P2,medium,semantic-fidelity,"«Мати низьку думку про себе» over-states humility as low self-esteem; the corrective «не гордий… скромний» follows, so P2 (Pass A).",definitionUa,Скромний і не схильний вважати себе кращим за інших.
SB-0700,lesser,adj.,менший,"З двох (або, рідше, більше двох) речей: меншої за розміром (менше), за цінністю, за важливістю тощо.",P2,The construction after the colon has mismatched case and is difficult to parse.,clean-candidate,"lesser → «менший»; definition (smaller in size, value or importance of two things) is accurate; adjective POS matches.",меншої за розміром,P2,medium,grammar-syntax,"the post-colon phrasing has mismatched case and parses awkwardly; conveys lesser, so P2 (Pass A).",definitionUa,"Менший за розміром, цінністю або важливістю з двох чи кількох предметів."
SB-0165,cargo,n.,вантаж,"Вантаж, що перевозиться кораблем, літаком або автомобілем.",P2,The definition repeats «вантаж» and adds no useful explanation of cargo.,clean-candidate,"cargo → «вантаж»; definition (freight carried by a ship, aircraft or vehicle) is accurate; noun POS matches.","Вантаж, що перевозиться",P2,high,pedagogical-definition,"«Вантаж, що перевозиться…» circularly repeats the headword gloss; not misleading, so P2 (Pass A).",definitionUa,"Товари або речі, які перевозять судном, літаком чи транспортним засобом."
SB-0910,prevalence,n.,поширеність,Якість або умова переважання; широке розширення або поширення.,P2,«Широке розширення» is redundant and the definition remains abstract and circular.,clean-candidate,prevalence → «поширеність»; definition (the quality or condition of being prevalent; wide extension or spread) is accurate; noun POS matches.,широке розширення або поширення,P2,medium,pedagogical-definition,"«широке розширення» is redundant and the definition stays circular/abstract; comprehensible, so P2 (Pass A).",definitionUa,Ступінь поширення явища або частота його наявності в певній групі.
SB-0366,devise,v.,придумати,Використовувати свій інтелект для планування або проектування (щось).,P2,The parenthetical accusative is malformed after «планування або проектування».,clean-candidate,devise → «придумати»; definition (use one's intellect to plan or design something) is accurate; verb POS matches.,планування або проектування,P2,medium,grammar-syntax,"the parenthetical accusative «(щось)» after «планування або проектування» is malformed; conveys devise, so P2 (Pass A).",definitionUa,"Використовуючи кмітливість, придумувати або розробляти щось."
SB-0588,hostile,adj.,ворожий,Не доброзичливий; відповідний ворогові; показ розташування ворога; прояв злої волі та зловмисності або бажання перешкодити та завдати шкоди.,P1,«Показ розташування ворога» is a false rendering of showing the disposition of an enemy.,clean-candidate,hostile → «ворожий»; definition (unfriendly; befitting an enemy; showing ill will and intent to obstruct or harm) is accurate; adjective POS matches.,показ розташування ворога,P1,medium,semantic-fidelity,«показ розташування ворога» is a false rendering of 'showing the disposition of an enemy' (розташування = physical position); Pass A's semantic defect is confirmed.,definitionUa,"Недружній або ворожий; такий, що виявляє злу волю чи бажання завдати шкоди."
SB-0518,fluid,n.,рідина,Рідина (на відміну від твердого або газоподібного).,P1,"Fluid includes liquids and gases, but the definition wrongly contrasts it with gas and ua gives only liquid.",clean-candidate,"fluid → «рідина»; definition (a liquid, as opposed to solid or gas) selects the liquid sense consistent with the gloss; noun POS matches.",на відміну від твердого або газоподібного,P2,medium,semantic-fidelity,"scientifically a fluid includes gases, but the everyday liquid sense (ua «рідина» + «на відміну від… газоподібного») is internally consistent for a learner; minor imprecision, so P2 (Pass A graded P1).",both,"ua: рідина; текуча речовина | definitionUa: Речовина, що може текти й набувати форми посудини, зокрема рідина або газ."
SB-1730,concurrent,word family,одночасний,Відбувається одночасно; одночасний.,P2,The definition repeats «одночасний» without adding usable information.,clean-candidate,concurrent → «одночасний»; definition (occurring at the same time; simultaneous) is accurate; adjective POS matches.,Відбувається одночасно; одночасний,P2,high,pedagogical-definition,"the definition repeats «одночасний» without adding information; not misleading, so P2 (Pass A).",definitionUa,"Такий, що відбувається в той самий час, що й інша подія."
SB-1476,specified,word family,зазначено,Ретельно пояснено.,P2,ua impersonal «зазначено» does not align cleanly with specified.,clean-candidate,specified → «зазначено»; definition (carefully explained) conveys the sense though 'named explicitly' would be more precise; consistent gloss.,Ретельно пояснено,P2,medium,pos-alignment,"specified means 'named explicitly', not «Ретельно пояснено» (carefully explained), and ua «зазначено» is impersonal; a mild imprecision, P2 (Pass A).",both,"ua: зазначений; визначений | definitionUa: Чітко названий, визначений або докладно пояснений."
SB-1575,rejected,word family,відхилено,Відхилений або не прийнятий після розгляду.,P2,ua impersonal «відхилено» does not align cleanly with rejected.,clean-candidate,rejected → «відхилено»; definition (rejected/not accepted after consideration) is accurate and consistent.,Відхилений або не прийнятий,P2,medium,pos-alignment,"ua «відхилено» is impersonal where a participle «відхилений» fits the family better; the definition is correct, so a minor citation P2 (Pass A).",ua,відхилений
SB-0769,minimal,adj.,мінімальний,"Найменша можлива сума, кількість або ступінь.",P2,The noun phrase «Найменша можлива сума» does not directly define the adjective.,clean-candidate,"minimal → «мінімальний»; definition (the smallest possible amount, quantity or degree) conveys the sense despite noun-framing; adjective POS matches.",Найменша можлива сума,P2,medium,pos-alignment,"«Найменша можлива сума…» is a noun phrase rather than an adjective definition; conveys minimal, so P2 (Pass A).",definitionUa,"Найменший можливий за кількістю, розміром або ступенем."
SB-0471,evolutionary,adj.,еволюційний,Відносно біологічної теорії еволюції або до неї.,P1,«Відносно ... або до неї» is a malformed Russian-influenced calque.,clean-candidate,evolutionary → «еволюційний»; definition (relating to the biological theory of evolution) is accurate; adjective POS matches.,Відносно біологічної теорії еволюції або до неї,P2,medium,calque-russianism,"«Відносно… або до неї» is a malformed Russian-influenced calque; conveys evolutionary, so P2 (Pass A graded P1).",definitionUa,Пов’язаний з еволюцією або теорією еволюції.
SB-0276,convict,v.,засуджувати,Визнати винним в результаті судового розгляду або (неофіційного) в моральному сенсі.,P1,The malformed parenthetical «або (неофіційного) в моральному сенсі» is not valid Ukrainian syntax.,clean-candidate,"convict → «засуджувати»; definition (to find guilty as a result of a trial, or informally in a moral sense) is accurate; verb POS matches.",(неофіційного) в моральному сенсі,P2,medium,grammar-syntax,"the parenthetical «(неофіційного) в моральному сенсі» is not valid Ukrainian syntax; conveys convict, so P2 (Pass A graded P1).",definitionUa,Офіційно визнати особу винною за рішенням суду.
SB-1724,anticipated,word family,очікуваний,очікується прибуття; заплановано,P1,Lowercase impersonal phrases «очікується ... заплановано» do not align with anticipated.,clean-candidate,anticipated → «очікуваний»; definition (expected; planned) conveys the sense despite terse phrasing; consistent gloss.,очікується прибуття; заплановано,P2,medium,pos-alignment,"lowercase impersonal «очікується… заплановано» does not align with the participle anticipated; conveys the sense, so P2 (Pass A graded P1).",definitionUa,Очікуваний або передбачений заздалегідь.
SB-0936,prosperity,n.,процвітання,Умова процвітання: наявність удачі та багатства.,P2,«Наявність удачі та багатства» is a stiff and narrow description of prosperity.,clean-candidate,prosperity → «процвітання»; definition (the condition of prospering: good fortune and wealth) conveys the sense; noun POS matches.,наявність удачі та багатства,P2,medium,idiomatic-ukrainian,"«наявність удачі та багатства» is a stiff, narrow description of prosperity; comprehensible, so P2 (Pass A).",definitionUa,"Стан успішного розвитку, добробуту й достатку."
SB-0359,destructive,adj.,руйнівний,Заподіяння руйнування; завдає шкоди.,P2,The definition alternates between a noun phrase and a finite verb instead of defining the adjective.,clean-candidate,destructive → «руйнівний»; definition (causing destruction; harmful) is accurate; adjective POS matches.,Заподіяння руйнування; завдає шкоди,P2,medium,pos-alignment,"the definition alternates a noun phrase with a finite verb rather than defining the adjective; conveys destructive, so P2 (Pass A).",definitionUa,"Такий, що руйнує або завдає значної шкоди."
SB-0620,infect,v.,заразити,"Привести (тіло або його частину) в контакт з речовиною, що викликає хворобу (збудником), щоб збудник почав діяти на організм;",P2,The definition ends with a semicolon instead of terminal punctuation.,clean-candidate,infect → «заразити»; definition (bring a body into contact with a disease-causing agent) conveys the sense; trailing semicolon trivial.,щоб збудник почав діяти на організм;,P2,high,ui-formatting,content is correct; the definition ends on a semicolon rather than terminal punctuation — cosmetic P2 (Pass A).,definitionUa,"Заразити організм збудником хвороби, щоб той почав у ньому розмножуватися або діяти."
SB-0842,overwhelm,v.,переповнювати,Емоційно долати.,P2,"The definition covers only emotional overwhelm and omits being overcome by quantity, force, or demands.",clean-candidate,overwhelm → «переповнювати»; definition 'emotionally overcome' fits the emotional-overwhelm sense; verb POS matches.,Емоційно долати,P2,medium,sense-coverage,"«Емоційно долати» covers only emotional overwhelm and omits being overcome by quantity/force/demands; comprehensible, so P2 (Pass A).",definitionUa,"Повністю долати силою, кількістю або сильними емоціями."
SB-0799,niche,n.,ніша,"Будь-яка позиція можливостей, для якої вона добре підходить, наприклад певний ринок у бізнесі.",P1,The pronoun «вона» has no valid antecedent and the definition is not usable Ukrainian.,clean-candidate,"niche → «ніша»; definition (a position of opportunity one is well suited to, e.g. a market) captures the figurative business sense; noun POS matches.",для якої вона добре підходить,P1,medium,grammar-syntax,"the pronoun «вона» has no valid antecedent, leaving the definition ungrammatical and unclear; Pass A's broken-syntax defect is confirmed.",definitionUa,"Спеціалізована сфера або позиція, що добре відповідає певним здібностям чи потребам, зокрема сегмент ринку."
SB-0205,colonial,adj.,колоніальний,З колонії або відноситься до неї.,P1,"«Відноситься до» is a Russian-influenced calque, and the coordination is grammatically defective.",clean-candidate,colonial → «колоніальний»; definition (of or relating to a colony) is accurate; adjective POS matches.,відноситься до неї,P2,medium,calque-russianism,"«відноситься до» is a Russian-influenced calque and the coordination is defective; conveys colonial, so P2 (Pass A graded P1).",definitionUa,"Такий, що стосується колонії або колоніалізму."
SB-1410,previous,word family,попередній,"попередній; що відбувається перед чимось іншим, у часі чи порядку.",P2,The definition starts lowercase and repeats the headword.,clean-candidate,previous → «попередній»; definition (occurring before something else in time or order) is accurate; leading restatement of the gloss is trivial.,попередній; що відбувається,P2,high,ui-formatting,"the definition starts lowercase and restates the headword before clarifying; cosmetic/thin, so P2 (Pass A).",definitionUa,"Такий, що відбувається або розташований раніше в часі чи порядку."
SB-1557,external,word family,зовнішній,Поза чим-небудь; на зовнішній вигляд.,P1,«На зовнішній вигляд» means apparently and does not define external.,clean-candidate,external → «зовнішній»; definition (outside of something; on the exterior) conveys the sense; adjective POS matches.,на зовнішній вигляд,P1,high,semantic-fidelity,"«на зовнішній вигляд» means 'apparently/in appearance', not external; a false-sense addition that mis-teaches the adjective; Pass A's defect is confirmed.",definitionUa,Розташований поза чимось або пов’язаний із зовнішньою стороною.
SB-0442,encouragement,n.,заохочення,"Слова чи дії, які підвищують чиюсь впевненість",P2,The definition is missing terminal punctuation.,clean-candidate,encouragement → «заохочення»; definition (words or actions that raise someone's confidence) is accurate; noun POS matches.,підвищують чиюсь впевненість,P2,high,ui-formatting,content is correct; only the terminal period is missing — cosmetic P2 (Pass A).,definitionUa,"Слова чи дії, які підвищують чиюсь упевненість."
