id,word,pos,ua,definitionUa,semantic_fidelity,idiomatic_ukrainian,grammar_morphology_syntax_punctuation_word_order,pos_alignment,learner_register,russianism_surzhyk_calque_risk,ua_definition_consistency,pedagogical_accuracy,ui_formatting_integrity,pass_a_disposition,category,confidence,rationale,proposed_target,proposed_value
SB-1368,source,word family,джерело,"Особа, місце або предмет, звідки щось (інформація, товари тощо) надходить або отримується.",PASS,PASS,PASS,PASS,PASS,PASS,PASS,PASS,PASS,clean-candidate,none,high,"Fresh affirmative Pass-A review found the English sense, POS, Ukrainian pair, register, pedagogy, and UI presentation aligned on every rubric axis.",,
SB-1369,specific,word family,конкретний; специфічний,Явний або певний.,PASS,PASS,PASS,PASS,PASS,PASS,PASS,PASS,PASS,clean-candidate,none,high,"Fresh affirmative Pass-A review found the English sense, POS, Ukrainian pair, register, pedagogy, and UI presentation aligned on every rubric axis.",,
SB-1370,structure,word family,структура; структурувати,"Згуртоване ціле, що складається з окремих частин.",PASS,PASS,PASS,PASS,PASS,PASS,PASS,PASS,PASS,clean-candidate,none,high,"Fresh affirmative Pass-A review found the English sense, POS, Ukrainian pair, register, pedagogy, and UI presentation aligned on every rubric axis.",,
SB-1371,theory,word family,теорія,"Послідовне твердження або набір ідей, які пояснюють спостережувані факти чи явища та правильно передбачають нові факти чи явища, які раніше не спостерігалися, або які встановлюють закони та принципи чогось відомого чи спос...",DEFECT,PASS,PASS,PASS,PASS,PASS,PASS,DEFECT,DEFECT,P1,ui-truncation,high,The learner-facing theory definition is physically truncated at 225 characters («...спос...»).,definitionUa,"Система взаємопов’язаних ідей, що пояснює факти або явища й дає змогу робити перевірні передбачення."
SB-1373,achieve,word family,досягти,Успішно виконувати; виконати.,PASS,PASS,DEFECT,PASS,PASS,PASS,PASS,DEFECT,PASS,P2,aspect-alignment,medium,The definition mixes imperfective and perfective near-synonyms without clarifying achieve.,definitionUa,Успішно досягти мети або виконати складне завдання.
SB-1374,administration,word family,адміністрування,Акт адміністрування; управління громадськими справами; надані послуги або взяті на себе обов'язки у веденні справ; ведення будь-якої посади чи роботи; напрямок.,DEFECT,DEFECT,PASS,PASS,PASS,PASS,PASS,DEFECT,PASS,P1,semantic-fidelity,high,The final «напрямок» is a false rendering of direction as management and breaks the administration sense.,definitionUa,"Процес управління установою чи справами; також орган або посадовці, які здійснюють таке управління."
SB-1375,affect,word family,впливати,Впливати або змінювати.,PASS,PASS,PASS,PASS,PASS,PASS,PASS,PASS,PASS,clean-candidate,none,high,"Fresh affirmative Pass-A review found the English sense, POS, Ukrainian pair, register, pedagogy, and UI presentation aligned on every rubric axis.",,
SB-1377,aspects,word family,аспекти,"Будь-яка конкретна особливість, частина або елемент чогось.",PASS,PASS,DEFECT,PASS,PASS,PASS,DEFECT,PASS,PASS,P1,number-agreement,high,Plural headword aspects is defined with singular «Будь-яка ... особливість».,definitionUa,"Окремі особливості, частини або сторони чогось."
SB-1379,categories,word family,категорії,"Групи, до яких об’єднують речі з подібними властивостями.",PASS,PASS,PASS,PASS,PASS,PASS,PASS,PASS,PASS,clean-candidate,none,high,"Fresh affirmative Pass-A review found the English sense, POS, Ukrainian pair, register, pedagogy, and UI presentation aligned on every rubric axis.",,
SB-1380,chapter,word family,розділ,"Один із основних розділів, на який поділяється опублікований твір, особливо книга.",PASS,PASS,PASS,PASS,PASS,PASS,PASS,PASS,PASS,clean-candidate,none,high,"Fresh affirmative Pass-A review found the English sense, POS, Ukrainian pair, register, pedagogy, and UI presentation aligned on every rubric axis.",,
SB-1381,commission,word family,комісія,"Комісія, яку стягує агент або брокер за здійснення операції.",PASS,PASS,PASS,PASS,PASS,PASS,PASS,PASS,PASS,clean-candidate,none,high,"Fresh affirmative Pass-A review found the English sense, POS, Ukrainian pair, register, pedagogy, and UI presentation aligned on every rubric axis.",,
SB-1382,community,word family,громада,"Група, що має спільні характеристики, такі як одна мова, закон, релігія чи традиція.",PASS,PASS,PASS,PASS,PASS,PASS,PASS,PASS,PASS,clean-candidate,none,high,"Fresh affirmative Pass-A review found the English sense, POS, Ukrainian pair, register, pedagogy, and UI presentation aligned on every rubric axis.",,
SB-1384,computer,word family,комп'ютер,"Програмований електронний пристрій, який виконує математичні обчислення та логічні операції, особливо той, який може дуже швидко обробляти, зберігати та отримувати великі обсяги даних;",PASS,PASS,PASS,PASS,PASS,PASS,PASS,PASS,DEFECT,P2,ui-formatting,medium,The definition ends with a semicolon instead of terminal punctuation.,definitionUa,"Програмований електронний пристрій, що обробляє, зберігає й відтворює дані та виконує обчислення."
SB-1385,conclusion,word family,висновок,"Кінець, завершення, закриття або остання частина чогось.",PASS,PASS,PASS,PASS,PASS,PASS,PASS,PASS,PASS,clean-candidate,none,high,"Fresh affirmative Pass-A review found the English sense, POS, Ukrainian pair, register, pedagogy, and UI presentation aligned on every rubric axis.",,
SB-1388,construction,word family,будівництво,Процес конструювання.,PASS,PASS,PASS,PASS,PASS,PASS,PASS,PASS,PASS,clean-candidate,none,high,"Fresh affirmative Pass-A review found the English sense, POS, Ukrainian pair, register, pedagogy, and UI presentation aligned on every rubric axis.",,
SB-1391,cultural,word family,культурний,Що стосується культури.,PASS,PASS,PASS,PASS,PASS,PASS,PASS,PASS,PASS,clean-candidate,none,high,"Fresh affirmative Pass-A review found the English sense, POS, Ukrainian pair, register, pedagogy, and UI presentation aligned on every rubric axis.",,
SB-1392,design,word family,дизайн,"План (з більшою чи меншою кількістю деталей) структури та функцій артефакту, будівлі чи системи.",PASS,PASS,PASS,PASS,PASS,PASS,PASS,PASS,PASS,clean-candidate,none,high,"Fresh affirmative Pass-A review found the English sense, POS, Ukrainian pair, register, pedagogy, and UI presentation aligned on every rubric axis.",,
SB-1394,evaluation,word family,оцінка,"Оцінка, як-от щорічна перевірка продуктивності персоналу, яка використовується як основа для підвищення зарплати чи премії, або короткий опис конкретної ситуації.",DEFECT,PASS,PASS,PASS,PASS,PASS,PASS,DEFECT,PASS,P1,semantic-fidelity,high,The definition incorrectly includes a brief description as an evaluation and mixes unlike senses.,definitionUa,"Систематичне визначення якості, ефективності або цінності когось чи чогось."
SB-1397,focus,word family,фокус,Концентрація уваги.,PASS,PASS,PASS,PASS,PASS,PASS,PASS,PASS,PASS,clean-candidate,none,high,"Fresh affirmative Pass-A review found the English sense, POS, Ukrainian pair, register, pedagogy, and UI presentation aligned on every rubric axis.",,
SB-1399,injury,word family,травма,Пошкодження тіла живої істоти.,PASS,PASS,PASS,PASS,PASS,PASS,PASS,PASS,PASS,clean-candidate,none,high,"Fresh affirmative Pass-A review found the English sense, POS, Ukrainian pair, register, pedagogy, and UI presentation aligned on every rubric axis.",,
SB-1400,institute,word family,інститут,"Організація, заснована для просування справи",PASS,PASS,PASS,PASS,PASS,PASS,PASS,PASS,DEFECT,P2,ui-formatting,medium,The definition is missing terminal punctuation.,definitionUa,"Організація, заснована для розвитку певної галузі, науки або суспільної справи."
SB-1401,investment,word family,інвестиції,Розміщення капіталу в очікуванні отримання доходу чи прибутку від його використання чи підвищення вартості.,PASS,PASS,PASS,PASS,PASS,PASS,PASS,PASS,PASS,clean-candidate,none,high,"Fresh affirmative Pass-A review found the English sense, POS, Ukrainian pair, register, pedagogy, and UI presentation aligned on every rubric axis.",,
SB-1403,journal,word family,журнал,Періодичне видання з академічними чи професійними статтями; також особистий щоденник.,PASS,PASS,PASS,PASS,PASS,PASS,PASS,PASS,PASS,clean-candidate,none,high,"Fresh affirmative Pass-A review found the English sense, POS, Ukrainian pair, register, pedagogy, and UI presentation aligned on every rubric axis.",,
SB-1405,obtained,word family,отримано,"Отриманий, здобутий або набутий певним способом.",PASS,PASS,PASS,PASS,PASS,PASS,PASS,PASS,PASS,clean-candidate,none,high,"Fresh affirmative Pass-A review found the English sense, POS, Ukrainian pair, register, pedagogy, and UI presentation aligned on every rubric axis.",,
SB-1410,previous,word family,попередній,"попередній; що відбувається перед чимось іншим, у часі чи порядку.",PASS,PASS,PASS,PASS,PASS,PASS,PASS,DEFECT,DEFECT,P2,ui-formatting,medium,The definition starts lowercase and repeats the headword.,definitionUa,"Такий, що відбувається або розташований раніше в часі чи порядку."
SB-1411,primary,word family,первинний,Перший або найраніший у групі чи серії.,PASS,PASS,PASS,PASS,PASS,PASS,PASS,PASS,PASS,clean-candidate,none,high,"Fresh affirmative Pass-A review found the English sense, POS, Ukrainian pair, register, pedagogy, and UI presentation aligned on every rubric axis.",,
SB-1414,region,word family,область,"Будь-яка значна і зв'язана частина простору або поверхні; зокрема, ділянка землі чи моря значної, але невизначеної протяжності; країна; район;",PASS,PASS,PASS,PASS,PASS,PASS,PASS,PASS,DEFECT,P2,ui-formatting,medium,The definition ends with a semicolon instead of terminal punctuation.,definitionUa,"Значна безперервна частина території, простору або поверхні."
SB-1415,regulations,word family,нормативні акти,"Закон або адміністративне правило, видане організацією, яке використовується для керівництва чи приписування поведінки членів цієї організації.",PASS,PASS,DEFECT,PASS,PASS,PASS,DEFECT,PASS,PASS,P1,number-agreement,high,Plural regulations is defined as one law or rule.,definitionUa,"Офіційні правила або нормативні акти, що визначають чи обмежують поведінку."
SB-1418,resources,word family,ресурси,"Щось, що використовується для досягнення мети, напр. сировини або персоналу.",PASS,DEFECT,DEFECT,PASS,PASS,PASS,PASS,PASS,PASS,P2,grammar-syntax,medium,The example after «напр.» uses incorrect genitive and lacks clean punctuation.,definitionUa,"Засоби, матеріали або люди, які використовують для досягнення мети, наприклад сировина чи персонал."
SB-1422,select,word family,вибрати,"Вибрати один або кілька елементів набору, особливо набору опцій.",PASS,PASS,PASS,PASS,PASS,PASS,PASS,PASS,PASS,clean-candidate,none,high,"Fresh affirmative Pass-A review found the English sense, POS, Ukrainian pair, register, pedagogy, and UI presentation aligned on every rubric axis.",,
SB-1424,strategies,word family,стратегії,"План дій, спрямований на досягнення конкретної мети.",PASS,PASS,DEFECT,PASS,PASS,PASS,DEFECT,PASS,PASS,P1,number-agreement,high,Plural strategies is defined as a single plan.,definitionUa,"Плани дій, спрямовані на досягнення конкретних цілей."
SB-1430,circumstances,word family,обставини,"Умови та факти, які впливають на ситуацію або подію.",PASS,PASS,PASS,PASS,PASS,PASS,PASS,PASS,PASS,clean-candidate,none,high,"Fresh affirmative Pass-A review found the English sense, POS, Ukrainian pair, register, pedagogy, and UI presentation aligned on every rubric axis.",,
SB-1431,comments,word family,коментарі,Усне або письмове зауваження.,PASS,PASS,DEFECT,PASS,PASS,PASS,DEFECT,PASS,PASS,P1,number-agreement,high,Plural comments is defined as one remark.,definitionUa,Усні або письмові зауваження чи пояснення.
SB-1432,components,word family,компоненти,"Менша самодостатня частина більшої сутності. Часто стосується виготовленого об’єкта, який є частиною більшого пристрою.",PASS,PASS,DEFECT,PASS,PASS,PASS,DEFECT,PASS,PASS,P1,number-agreement,high,Plural components is defined as one smaller part.,definitionUa,"Окремі частини, з яких складається більша система або предмет."
SB-1434,constant,word family,постійний,Незмінний у часі чи просторі; постійний.,PASS,PASS,PASS,PASS,PASS,PASS,PASS,PASS,PASS,clean-candidate,none,high,"Fresh affirmative Pass-A review found the English sense, POS, Ukrainian pair, register, pedagogy, and UI presentation aligned on every rubric axis.",,
SB-1436,contribution,word family,внесок,"Щось дане або запропоноване, що додає до більшого цілого.",PASS,PASS,PASS,PASS,PASS,PASS,PASS,PASS,PASS,clean-candidate,none,high,"Fresh affirmative Pass-A review found the English sense, POS, Ukrainian pair, register, pedagogy, and UI presentation aligned on every rubric axis.",,
SB-1438,core,word family,ядро,У загальному вживанні суттєва частина речі в оточенні інших істотних речей.,DEFECT,DEFECT,PASS,PASS,PASS,PASS,PASS,DEFECT,PASS,P1,semantic-fidelity,high,«В оточенні інших істотних речей» is nonsensical and does not explain core.,definitionUa,Центральна або найважливіша частина чогось.
SB-1439,corporate,word family,корпоративний,Що стосується корпорації.,PASS,PASS,PASS,PASS,PASS,PASS,PASS,PASS,PASS,clean-candidate,none,high,"Fresh affirmative Pass-A review found the English sense, POS, Ukrainian pair, register, pedagogy, and UI presentation aligned on every rubric axis.",,
SB-1442,demonstrate,word family,продемонструвати,"Показувати, демонструвати або представляти; довести або зробити очевидним",PASS,PASS,PASS,PASS,PASS,PASS,PASS,PASS,DEFECT,P2,ui-formatting,medium,The definition is missing terminal punctuation.,definitionUa,"Показувати, представляти або доводити щось так, щоб воно стало очевидним."
SB-1443,document,word family,документ,"Оригінал або офіційний документ, який використовується як основа, доказ або підтримка будь-чого іншого, включаючи будь-який письмовий документ, книгу чи інший документ, що передає інформацію, що має відношення до такого до...",DEFECT,DEFECT,PASS,PASS,PASS,DEFECT,PASS,DEFECT,DEFECT,P1,ui-truncation,high,The learner-facing document definition is physically truncated at 225 characters and also contains «має відношення».,definitionUa,"Письмовий або цифровий матеріал, що містить інформацію чи слугує офіційним записом або доказом."
SB-1445,emphasis,word family,наголос,"Особлива вага чи сила, що надається чомусь, що вважається важливим.",PASS,PASS,PASS,PASS,PASS,PASS,PASS,PASS,PASS,clean-candidate,none,high,"Fresh affirmative Pass-A review found the English sense, POS, Ukrainian pair, register, pedagogy, and UI presentation aligned on every rubric axis.",,
SB-1450,illustrated,word family,ілюстрований,Містить ілюстрації.,PASS,PASS,PASS,PASS,PASS,PASS,PASS,PASS,PASS,clean-candidate,none,high,"Fresh affirmative Pass-A review found the English sense, POS, Ukrainian pair, register, pedagogy, and UI presentation aligned on every rubric axis.",,
SB-1451,immigration,word family,імміграція,"Акт імміграції; переїзд або в'їзд до країни, у якій людина не народилася, з метою постійного проживання.",PASS,PASS,PASS,PASS,PASS,PASS,PASS,PASS,PASS,clean-candidate,none,high,"Fresh affirmative Pass-A review found the English sense, POS, Ukrainian pair, register, pedagogy, and UI presentation aligned on every rubric axis.",,
SB-1452,implies,word family,передбачає,Пропонується без прямого вказівки; причетні або натякані.,PASS,PASS,DEFECT,DEFECT,PASS,PASS,DEFECT,PASS,PASS,P1,voice-alignment,high,Active headword implies and ua «передбачає» are paired with passive/plural fragments «Пропонується ... причетні».,definitionUa,"Непрямо вказує на щось, не висловлюючи цього прямо."
SB-1455,interaction,word family,взаємодія,Розмова або обмін між людьми.,DEFECT,PASS,PASS,PASS,PASS,PASS,PASS,DEFECT,PASS,P2,sense-coverage,medium,The definition limits interaction to conversation or exchange between people.,definitionUa,"Взаємний вплив або обмін між людьми, об’єктами чи системами."
SB-1456,layer,word family,шар,"Одна товщина якогось матеріалу, що покриває поверхню.",PASS,PASS,PASS,PASS,PASS,PASS,PASS,PASS,PASS,clean-candidate,none,high,"Fresh affirmative Pass-A review found the English sense, POS, Ukrainian pair, register, pedagogy, and UI presentation aligned on every rubric axis.",,
SB-1457,link,word family,посилання,"Зв’язок між місцями, людьми, подіями, речами чи ідеями.",DEFECT,PASS,PASS,PASS,PASS,PASS,DEFECT,DEFECT,PASS,P1,ua-definition-consistency,high,"ua «посилання» suggests a hyperlink or reference, while the definition gives a general connection.",ua+definitionUa,"ua: зв’язок; посилання | definitionUa: Відношення між людьми, подіями, речами чи ідеями; також гіперпосилання."
SB-1458,location,word family,розташування,Конкретна точка або місце у фізичному просторі.,PASS,PASS,PASS,PASS,PASS,PASS,PASS,PASS,PASS,clean-candidate,none,high,"Fresh affirmative Pass-A review found the English sense, POS, Ukrainian pair, register, pedagogy, and UI presentation aligned on every rubric axis.",,
SB-1459,maximum,word family,максимум,Найвища межа.,PASS,PASS,PASS,PASS,PASS,PASS,PASS,PASS,PASS,clean-candidate,none,high,"Fresh affirmative Pass-A review found the English sense, POS, Ukrainian pair, register, pedagogy, and UI presentation aligned on every rubric axis.",,
SB-1461,negative,word family,негативний,Не позитивний або нейтральний; поганий; небажаний; несприятливий.,PASS,PASS,PASS,PASS,PASS,PASS,PASS,PASS,PASS,clean-candidate,none,high,"Fresh affirmative Pass-A review found the English sense, POS, Ukrainian pair, register, pedagogy, and UI presentation aligned on every rubric axis.",,
SB-1462,outcomes,word family,результати,"Те, що виробляється або відбувається в результаті події чи процесу.",PASS,PASS,DEFECT,PASS,PASS,PASS,DEFECT,PASS,PASS,P1,number-agreement,high,"Plural outcomes is defined with singular «Те, що».",definitionUa,"Результати, що виникають унаслідок подій або процесів."
SB-1463,partnership,word family,партнерство,Об’єднання двох або більше осіб для ведення бізнесу.,DEFECT,PASS,PASS,PASS,PASS,PASS,PASS,DEFECT,PASS,P2,sense-coverage,medium,"The definition restricts partnership to conducting a business, omitting other formal cooperation.",definitionUa,Об’єднання двох або більше сторін для спільної діяльності чи мети.
SB-1465,physical,word family,фізичний,"Відноситься до світу, як його розуміють почуттями, а не розумом; матеріальний, конкретний; справжній. Має відношення до матеріального світу.",PASS,DEFECT,PASS,PASS,PASS,DEFECT,PASS,DEFECT,PASS,P1,calque-russianism,high,The definition twice uses Russian-influenced «відноситься/має відношення».,definitionUa,Пов’язаний із матеріальним світом або тілом; відчутний і конкретний.
SB-1466,proportion,word family,пропорція,"Кількість чогось, що є частиною цілої суми або числа.",PASS,PASS,PASS,PASS,PASS,PASS,PASS,PASS,PASS,clean-candidate,none,high,"Fresh affirmative Pass-A review found the English sense, POS, Ukrainian pair, register, pedagogy, and UI presentation aligned on every rubric axis.",,
SB-1468,reaction,word family,реакція,Дія або твердження у відповідь на стимул або іншу подію.,PASS,PASS,PASS,PASS,PASS,PASS,PASS,PASS,PASS,clean-candidate,none,high,"Fresh affirmative Pass-A review found the English sense, POS, Ukrainian pair, register, pedagogy, and UI presentation aligned on every rubric axis.",,
SB-1469,registered,word family,зареєстрований,Внесення свого імені до офіційного списку або внесення до реєстру.,PASS,PASS,DEFECT,DEFECT,PASS,PASS,DEFECT,PASS,PASS,P1,pos-alignment,high,"Registered is an adjective/past participle, but the definition names the act of entering a name.",ua+definitionUa,ua: зареєстрований | definitionUa: Офіційно внесений до реєстру або списку.
SB-1472,scheme,word family,схема,Систематичний план майбутніх дій.,PASS,PASS,PASS,PASS,PASS,PASS,PASS,PASS,PASS,clean-candidate,none,high,"Fresh affirmative Pass-A review found the English sense, POS, Ukrainian pair, register, pedagogy, and UI presentation aligned on every rubric axis.",,
SB-1473,sequence,word family,послідовність,Набір речей поруч один з одним у встановленому порядку; серія.,PASS,PASS,PASS,PASS,PASS,PASS,PASS,PASS,PASS,clean-candidate,none,high,"Fresh affirmative Pass-A review found the English sense, POS, Ukrainian pair, register, pedagogy, and UI presentation aligned on every rubric axis.",,
SB-1476,specified,word family,зазначено,Ретельно пояснено.,PASS,PASS,DEFECT,DEFECT,PASS,PASS,DEFECT,PASS,PASS,P2,pos-alignment,medium,ua impersonal «зазначено» does not align cleanly with specified.,ua+definitionUa,"ua: зазначений; визначений | definitionUa: Чітко названий, визначений або докладно пояснений."
SB-1477,sufficient,word family,достатній,"Достатнього типу або виду, який задовольняє вимоги чи потреби.",PASS,DEFECT,PASS,PASS,PASS,PASS,PASS,DEFECT,PASS,P2,pedagogical-definition,medium,«Достатнього типу або виду» is circular and unnatural.,definitionUa,"Такий, якого досить для задоволення вимог або потреб."
SB-1478,task,word family,завдання,"Частина роботи, яка виконується як частина обов’язків.",PASS,PASS,PASS,PASS,PASS,PASS,PASS,PASS,PASS,clean-candidate,none,high,"Fresh affirmative Pass-A review found the English sense, POS, Ukrainian pair, register, pedagogy, and UI presentation aligned on every rubric axis.",,
SB-1479,technical,word family,технічний,Технології або пов’язані з ними.,PASS,PASS,DEFECT,DEFECT,PASS,PASS,PASS,PASS,PASS,P1,grammar-syntax,high,«Технології або пов’язані з ними» combines a noun with a plural adjective and does not define technical.,definitionUa,"Пов’язаний із технікою, технологією або спеціальними практичними знаннями."
SB-1480,techniques,word family,техніки,"Спосіб досягнення чогось або здійснення чогось, особливо такий, що вимагає певних навичок або знань.",PASS,PASS,DEFECT,PASS,PASS,PASS,DEFECT,PASS,PASS,P1,number-agreement,high,Plural techniques is defined as one method.,definitionUa,"Практичні способи виконання дії, особливо ті, що потребують навичок."
SB-1481,technology,word family,технології,"Будь-які корисні навички чи механізми, які люди розробили чи винайшли (зокрема, у донаукові епохи).",PASS,PASS,DEFECT,PASS,PASS,PASS,DEFECT,PASS,PASS,P2,number-agreement,medium,Singular technology is paired with plural ua «технології».,ua,технологія
SB-1482,volume,word family,обсяг,"Тривимірна міра простору, яка складається з довжини, ширини та висоти. Він вимірюється в одиницях кубічних сантиметрів у метричних, кубічних дюймах або кубічних футах в англійській мові.",DEFECT,PASS,DEFECT,PASS,PASS,PASS,PASS,DEFECT,PASS,P1,grammar-syntax,high,The unit sentence confuses metric/imperial systems with languages and is grammatically malformed.,definitionUa,"Кількість тривимірного простору, яку займає тіло; вимірюється в кубічних одиницях."
SB-1484,adequate,word family,адекватний,Дорівнює або виконує певну вимогу.,PASS,DEFECT,PASS,PASS,PASS,DEFECT,PASS,DEFECT,PASS,P1,calque-russianism,high,«Виконує певну вимогу» is a literal calque; Ukrainian uses «відповідає вимозі».,definitionUa,"Достатній для певної мети або такий, що відповідає вимогам."
SB-1485,annual,word family,річний,Відбувається раз на рік.,PASS,PASS,PASS,PASS,PASS,PASS,PASS,PASS,PASS,clean-candidate,none,high,"Fresh affirmative Pass-A review found the English sense, POS, Ukrainian pair, register, pedagogy, and UI presentation aligned on every rubric axis.",,
SB-1487,approximated,word family,наближений,Розраховується наближено,PASS,PASS,DEFECT,DEFECT,PASS,PASS,PASS,PASS,DEFECT,P2,ui-formatting,medium,Present reflexive «Розраховується» does not align well with approximated and the definition lacks a period.,definitionUa,"Оцінений або розрахований наближено, а не точно."
SB-1491,code,word family,код,"Інструкція до комп'ютера, написана мовою програмування; вхідні дані транслятора, інтерпретатора або браузера, а саме: вихідний код, машинний код, байт-код.",DEFECT,PASS,PASS,PASS,PASS,PASS,PASS,DEFECT,PASS,P2,pedagogical-definition,medium,The definition treats code as one instruction and oddly lists a browser as a translator.,definitionUa,"Набір інструкцій, написаних мовою програмування для виконання комп’ютером."
SB-1493,communication,word family,спілкування,Концепція або стан обміну даними чи інформацією між об’єктами.,PASS,PASS,PASS,PASS,PASS,PASS,PASS,PASS,PASS,clean-candidate,none,high,"Fresh affirmative Pass-A review found the English sense, POS, Ukrainian pair, register, pedagogy, and UI presentation aligned on every rubric axis.",,
SB-1494,concentration,word family,концентрація,"Дія, процес або здатність концентрації; процес зосередження або стан зосередженості.",PASS,PASS,PASS,PASS,PASS,PASS,PASS,PASS,PASS,clean-candidate,none,high,"Fresh affirmative Pass-A review found the English sense, POS, Ukrainian pair, register, pedagogy, and UI presentation aligned on every rubric axis.",,
SB-1496,contrast,word family,контраст,"Різниця між двома об’єктами, людьми чи поняттями.",PASS,PASS,PASS,PASS,PASS,PASS,PASS,PASS,PASS,clean-candidate,none,high,"Fresh affirmative Pass-A review found the English sense, POS, Ukrainian pair, register, pedagogy, and UI presentation aligned on every rubric axis.",,
SB-1497,cycle,word family,цикл,"Процес, який повертається до свого початку, а потім повторюється в тій же послідовності.",PASS,PASS,PASS,PASS,PASS,PASS,PASS,PASS,PASS,clean-candidate,none,high,"Fresh affirmative Pass-A review found the English sense, POS, Ukrainian pair, register, pedagogy, and UI presentation aligned on every rubric axis.",,
SB-1498,debate,word family,дебати,"Аргумент або дискусія, як правило, в упорядкованій або офіційній обстановці, часто за участю більше двох осіб, яка зазвичай закінчується голосуванням або іншим рішенням.",PASS,PASS,PASS,PASS,PASS,PASS,PASS,PASS,PASS,clean-candidate,none,high,"Fresh affirmative Pass-A review found the English sense, POS, Ukrainian pair, register, pedagogy, and UI presentation aligned on every rubric axis.",,
SB-1500,dimensions,word family,розміри,Вимірювані характеристики розміру; також окремі аспекти складного питання.,PASS,PASS,PASS,PASS,PASS,PASS,PASS,PASS,PASS,clean-candidate,none,high,"Fresh affirmative Pass-A review found the English sense, POS, Ukrainian pair, register, pedagogy, and UI presentation aligned on every rubric axis.",,
SB-1502,emerged,word family,виник,Прийти в поле зору.,PASS,PASS,DEFECT,DEFECT,PASS,PASS,DEFECT,PASS,PASS,P2,tense-alignment,medium,Past headword emerged is defined with present infinitive «Прийти».,definitionUa,"З’явився, виник або став помітним."
SB-1503,error,word family,помилка,"помилка; випадкова неправильна дія або неправдива заява, зроблена не навмисно.",PASS,PASS,PASS,PASS,PASS,PASS,PASS,DEFECT,DEFECT,P2,ui-formatting,medium,The definition starts lowercase and redundantly repeats «помилка».,definitionUa,"Ненавмисна неправильна дія, обчислення або неправдиве твердження."
SB-1507,hence,word family,отже,"В результаті; отже, з цієї причини.",PASS,PASS,PASS,PASS,PASS,PASS,PASS,PASS,PASS,clean-candidate,none,high,"Fresh affirmative Pass-A review found the English sense, POS, Ukrainian pair, register, pedagogy, and UI presentation aligned on every rubric axis.",,
SB-1508,hypothesis,word family,гіпотеза,"Попереднє припущення, що пояснює спостереження, явище чи наукову проблему, яке можна перевірити шляхом подальших спостережень, досліджень або експериментів.",PASS,PASS,PASS,PASS,PASS,PASS,PASS,PASS,PASS,clean-candidate,none,high,"Fresh affirmative Pass-A review found the English sense, POS, Ukrainian pair, register, pedagogy, and UI presentation aligned on every rubric axis.",,
SB-1509,implications,word family,наслідки,Можливий або непрямий ефект або результат рішення чи дії.,PASS,PASS,DEFECT,PASS,PASS,PASS,DEFECT,PASS,PASS,P1,number-agreement,high,Plural implications is defined as one possible effect.,definitionUa,"Можливі або непрямі наслідки рішення, дії чи твердження."
SB-1510,imposed,word family,нав'язаний,викладено авторитетно як обов'язкові,PASS,PASS,DEFECT,DEFECT,PASS,PASS,PASS,PASS,DEFECT,P1,grammar-syntax,high,Lowercase plural «обов’язкові» has no agreeing noun and does not define imposed.,definitionUa,Нав’язаний або установлений владою як обов’язковий.
SB-1511,internal,word family,внутрішній,З або розташована всередині.,PASS,PASS,DEFECT,DEFECT,PASS,PASS,PASS,PASS,PASS,P1,grammar-syntax,high,«З або розташована всередині» is a fragment with feminine agreement against masculine internal.,definitionUa,Розташований усередині або пов’язаний із внутрішньою частиною.
SB-1513,job,word family,робота,завдання.,PASS,PASS,PASS,PASS,PASS,PASS,PASS,DEFECT,DEFECT,P2,ui-formatting,medium,The definition starts lowercase and reduces job to an unexplained one-word synonym.,definitionUa,Оплачувана робота або конкретне завдання чи обов’язок.
SB-1515,mechanism,word family,механізм,"Будь-який механічний засіб для перетворення або керування рухом, або передачі чи керування потужністю.",PASS,PASS,PASS,PASS,PASS,PASS,PASS,PASS,PASS,clean-candidate,none,high,"Fresh affirmative Pass-A review found the English sense, POS, Ukrainian pair, register, pedagogy, and UI presentation aligned on every rubric axis.",,
SB-1516,obvious,word family,очевидний,"Легко відкрити, побачити або зрозуміти; зрозумілий сам за себе.",PASS,PASS,PASS,PASS,PASS,PASS,PASS,PASS,PASS,clean-candidate,none,high,"Fresh affirmative Pass-A review found the English sense, POS, Ukrainian pair, register, pedagogy, and UI presentation aligned on every rubric axis.",,
SB-1518,option,word family,варіант,"Один із набору варіантів, які можна зробити.",DEFECT,DEFECT,PASS,PASS,PASS,PASS,PASS,DEFECT,PASS,P1,semantic-fidelity,high,"«Варіант із набору варіантів, які можна зробити» is circular and uses the wrong collocation.",definitionUa,"Одна з можливостей, яку можна вибрати."
SB-1520,overall,word family,в цілому,Загалом; з урахуванням усього.,PASS,PASS,PASS,PASS,PASS,PASS,PASS,PASS,PASS,clean-candidate,none,high,"Fresh affirmative Pass-A review found the English sense, POS, Ukrainian pair, register, pedagogy, and UI presentation aligned on every rubric axis.",,
SB-1521,parallel,word family,паралельний,У всіх точках однаково віддалені один від одного.,PASS,PASS,DEFECT,DEFECT,PASS,PASS,PASS,PASS,PASS,P1,number-agreement,high,Plural «віддалені» does not agree with singular паралельний.,definitionUa,"Такий, що в усіх точках залишається на однаковій відстані від іншої лінії чи площини."
SB-1522,parameters,word family,параметри,"Значення, яке залишається постійним під час експерименту, рівняння, розрахунку чи подібного, але змінюється в інших версіях експерименту, рівняння, розрахунку тощо.",PASS,PASS,DEFECT,PASS,PASS,PASS,DEFECT,PASS,PASS,P1,number-agreement,high,Plural parameters is defined as one value.,definitionUa,"Значення або умови, що визначають систему, обчислення чи експеримент."
SB-1524,predicted,word family,передбачив,відомо заздалегідь,PASS,PASS,DEFECT,DEFECT,PASS,PASS,DEFECT,PASS,DEFECT,P1,pos-alignment,high,ua masculine past «передбачив» and lowercase impersonal «відомо» do not align with predicted.,ua+definitionUa,ua: передбачений | definitionUa: Визначений або очікуваний заздалегідь.
SB-1525,prior,word family,попередній,"Прихід раніше за порядком або часом; раніше, колишній, попередній.",PASS,PASS,DEFECT,DEFECT,PASS,PASS,PASS,PASS,PASS,P1,pos-alignment,high,The noun «Прихід» does not define the adjective prior.,definitionUa,"Попередній у часі, порядку або важливості."
SB-1527,project,word family,проект,"Запланована спроба, як правило, з конкретною метою, яка виконується в кілька кроків або етапів.",PASS,PASS,PASS,PASS,PASS,PASS,PASS,PASS,PASS,clean-candidate,none,high,"Fresh affirmative Pass-A review found the English sense, POS, Ukrainian pair, register, pedagogy, and UI presentation aligned on every rubric axis.",,
SB-1530,retained,word family,зберігається,"продовжується у вашому зберіганні, використанні чи пам’яті",PASS,PASS,DEFECT,DEFECT,DEFECT,PASS,DEFECT,PASS,PASS,P1,pos-alignment,high,ua present impersonal «зберігається» and second-person «вашому» do not align with retained.,ua+definitionUa,"ua: збережений | definitionUa: Утриманий, збережений або залишений для подальшого використання чи пам’яті."
SB-1532,statistics,word family,статистика,"Систематичний збір даних вимірювань або спостережень, часто пов’язаних із демографічною інформацією, такою як підрахунок населення, доходи, підрахунок населення в різному віці тощо.",DEFECT,PASS,PASS,PASS,PASS,PASS,PASS,DEFECT,PASS,P2,sense-coverage,medium,The definition narrows statistics to demographic collections and repeats population count.,definitionUa,"Числові дані та наука про їх збирання, аналіз і тлумачення."
SB-1533,status,word family,статус,"Стан, положення або становище людини відносно інших.",PASS,PASS,PASS,PASS,PASS,PASS,PASS,PASS,PASS,clean-candidate,none,high,"Fresh affirmative Pass-A review found the English sense, POS, Ukrainian pair, register, pedagogy, and UI presentation aligned on every rubric axis.",,
SB-1534,stress,word family,стрес,"Емоційний тиск, який відчуває людина чи інша тварина.",PASS,PASS,PASS,PASS,PASS,PASS,PASS,PASS,PASS,clean-candidate,none,high,"Fresh affirmative Pass-A review found the English sense, POS, Ukrainian pair, register, pedagogy, and UI presentation aligned on every rubric axis.",,
SB-1536,sum,word family,сума,"Величина, отримана додаванням або агрегацією.",PASS,PASS,PASS,PASS,PASS,PASS,PASS,PASS,PASS,clean-candidate,none,high,"Fresh affirmative Pass-A review found the English sense, POS, Ukrainian pair, register, pedagogy, and UI presentation aligned on every rubric axis.",,
SB-1539,academic,word family,академічний,"Належність до академії чи іншого вищого навчального закладу, наукового товариства чи організації.",PASS,PASS,PASS,PASS,PASS,PASS,PASS,PASS,PASS,clean-candidate,none,high,"Fresh affirmative Pass-A review found the English sense, POS, Ukrainian pair, register, pedagogy, and UI presentation aligned on every rubric axis.",,
SB-1540,alter,word family,змінювати,Щоб змінити форму або структуру.,PASS,PASS,DEFECT,DEFECT,PASS,PASS,PASS,PASS,PASS,P2,grammar-syntax,medium,The purpose construction «Щоб змінити» does not directly define the verb.,definitionUa,"Змінювати форму, властивість або структуру чогось."
SB-1542,capacity,word family,місткість,"Здатність утримувати, приймати або поглинати.",PASS,PASS,PASS,PASS,PASS,PASS,PASS,PASS,PASS,clean-candidate,none,high,"Fresh affirmative Pass-A review found the English sense, POS, Ukrainian pair, register, pedagogy, and UI presentation aligned on every rubric axis.",,
SB-1544,clause,word family,пункт,"Група слів, яка містить підмет і дієслово; це може бути частиною речення або може становити все речення, залежно від синтаксису в кожному випадку.",DEFECT,PASS,PASS,PASS,PASS,PASS,DEFECT,DEFECT,PASS,P1,ua-definition-consistency,high,ua «пункт» does not match the grammatical clause explicitly defined.,ua+definitionUa,"ua: речення; клауза | definitionUa: Група слів із підметом і присудком, що є частиною складного речення або окремим реченням."
SB-1545,compounds,word family,сполуки,"Все, що зроблено шляхом поєднання кількох речей.",PASS,PASS,DEFECT,PASS,PASS,PASS,DEFECT,PASS,PASS,P1,number-agreement,high,"Plural compounds is defined with singular «Все, що».",definitionUa,"Речовини або об’єкти, утворені поєднанням двох чи більше складників."
SB-1546,conflict,word family,конфлікт,"Зіткнення або розбіжності, часто насильницькі, між двома чи більше протиборчими групами чи особами.",PASS,PASS,PASS,PASS,PASS,PASS,PASS,PASS,PASS,clean-candidate,none,high,"Fresh affirmative Pass-A review found the English sense, POS, Ukrainian pair, register, pedagogy, and UI presentation aligned on every rubric axis.",,
SB-1547,contact,word family,контакт,Встановлення зв'язку (з).,PASS,PASS,PASS,PASS,PASS,PASS,PASS,PASS,PASS,clean-candidate,none,high,"Fresh affirmative Pass-A review found the English sense, POS, Ukrainian pair, register, pedagogy, and UI presentation aligned on every rubric axis.",,
SB-1552,entities,word family,сутності,"Те, що існує як окрема одиниця, часто використовується для організацій, які не мають фізичної форми.",PASS,PASS,DEFECT,PASS,PASS,PASS,DEFECT,PASS,PASS,P1,number-agreement,high,"Plural entities is defined with singular «Те, що».",definitionUa,Окремі самостійні об’єкти або організації.
SB-1554,evolution,word family,еволюція,Процес розвитку.,PASS,PASS,PASS,PASS,PASS,PASS,PASS,PASS,PASS,clean-candidate,none,high,"Fresh affirmative Pass-A review found the English sense, POS, Ukrainian pair, register, pedagogy, and UI presentation aligned on every rubric axis.",,
SB-1555,expansion,word family,розширення,"Дія, процес або випадок розширення.",PASS,PASS,PASS,PASS,PASS,PASS,PASS,PASS,PASS,clean-candidate,none,high,"Fresh affirmative Pass-A review found the English sense, POS, Ukrainian pair, register, pedagogy, and UI presentation aligned on every rubric axis.",,
SB-1557,external,word family,зовнішній,Поза чим-небудь; на зовнішній вигляд.,DEFECT,DEFECT,PASS,PASS,PASS,PASS,DEFECT,PASS,PASS,P1,semantic-fidelity,high,«На зовнішній вигляд» means apparently and does not define external.,definitionUa,Розташований поза чимось або пов’язаний із зовнішньою стороною.
SB-1558,fundamental,word family,фундаментальний,Основний; надзвичайно важливо.,PASS,PASS,DEFECT,DEFECT,PASS,PASS,PASS,PASS,PASS,P1,pos-alignment,high,Adverbial «надзвичайно важливо» does not agree with the adjective.,definitionUa,"Основний, базовий або надзвичайно важливий."
SB-1559,generated,word family,створений,Приводити в життя; породжувати.,PASS,PASS,DEFECT,DEFECT,PASS,PASS,DEFECT,PASS,PASS,P1,pos-alignment,high,"Generated is an adjective/past participle, but the definition uses present infinitives.",definitionUa,"Створений, вироблений або породжений певним процесом."
SB-1560,generation,word family,покоління,"Група людей, які народилися в певний період років і члени якої можуть мати культурні стосунки один з одним.",PASS,DEFECT,PASS,PASS,PASS,DEFECT,PASS,DEFECT,PASS,P1,calque-russianism,high,"«Певний період років» and «культурні стосунки» are literal, unidiomatic renderings.",definitionUa,"Група людей, народжених приблизно в один період і сформованих спільними історичними та культурними умовами."
SB-1561,image,word family,зображення,Візуальне чи інше зображення зовнішньої форми чогось у мистецтві.,PASS,PASS,PASS,PASS,PASS,PASS,PASS,PASS,PASS,clean-candidate,none,high,"Fresh affirmative Pass-A review found the English sense, POS, Ukrainian pair, register, pedagogy, and UI presentation aligned on every rubric axis.",,
SB-1562,licence,word family,ліцензія,"Офіційний дозвіл на певну діяльність, володіння або використання чогось.",PASS,PASS,PASS,PASS,PASS,PASS,PASS,PASS,PASS,clean-candidate,none,high,"Fresh affirmative Pass-A review found the English sense, POS, Ukrainian pair, register, pedagogy, and UI presentation aligned on every rubric axis.",,
SB-1563,medical,word family,медичний,Про медичну практику або пов’язану з нею.,PASS,PASS,DEFECT,DEFECT,PASS,PASS,PASS,PASS,PASS,P1,grammar-syntax,high,The definition begins with a noun «Про» construction and then uses feminine agreement.,definitionUa,Пов’язаний із медициною або медичною практикою.
SB-1564,mental,word family,психічний,Що стосується розуму чи конкретно повної емоційної та інтелектуальної реакції індивіда на зовнішню реальність.,PASS,PASS,PASS,PASS,PASS,PASS,PASS,PASS,PASS,clean-candidate,none,high,"Fresh affirmative Pass-A review found the English sense, POS, Ukrainian pair, register, pedagogy, and UI presentation aligned on every rubric axis.",,
SB-1565,modified,word family,змінений,змінений; змінено,PASS,PASS,DEFECT,PASS,PASS,PASS,PASS,DEFECT,DEFECT,P2,ui-formatting,medium,The lowercase definition repeats mixed adjective and impersonal forms.,definitionUa,Змінений порівняно з початковою формою.
SB-1566,monitoring,word family,моніторинг,"Здійснення спостереження за навколишнім середовищем чи людьми або безперервне чи регулярне спостереження за ними з метою виявлення сигналів, рухів або змін стану чи якості.",PASS,PASS,PASS,PASS,PASS,PASS,PASS,PASS,PASS,clean-candidate,none,high,"Fresh affirmative Pass-A review found the English sense, POS, Ukrainian pair, register, pedagogy, and UI presentation aligned on every rubric axis.",,
SB-1568,notion,word family,поняття,"Ментальне сприйняття всього, що можна знати, думати або уявляти; ідея, концепція.",PASS,PASS,PASS,PASS,PASS,PASS,PASS,PASS,PASS,clean-candidate,none,high,"Fresh affirmative Pass-A review found the English sense, POS, Ukrainian pair, register, pedagogy, and UI presentation aligned on every rubric axis.",,
SB-1573,psychology,word family,психологія,Вивчення людського розуму.,DEFECT,PASS,PASS,PASS,PASS,PASS,PASS,DEFECT,PASS,P2,sense-coverage,medium,"Psychology studies mind and behavior, not only the human mind.",definitionUa,"Наука про психіку, поведінку та психічні процеси людей."
SB-1575,rejected,word family,відхилено,Відхилений або не прийнятий після розгляду.,PASS,PASS,DEFECT,DEFECT,PASS,PASS,DEFECT,PASS,PASS,P2,pos-alignment,medium,ua impersonal «відхилено» does not align cleanly with rejected.,ua,відхилений
SB-1576,revenue,word family,дохід,"Загальний дохід, отриманий із певного джерела.",PASS,PASS,PASS,PASS,PASS,PASS,PASS,PASS,PASS,clean-candidate,none,high,"Fresh affirmative Pass-A review found the English sense, POS, Ukrainian pair, register, pedagogy, and UI presentation aligned on every rubric axis.",,
SB-1579,target,word family,мета,Ціль або завдання.,PASS,PASS,PASS,PASS,PASS,PASS,PASS,PASS,PASS,clean-candidate,none,high,"Fresh affirmative Pass-A review found the English sense, POS, Ukrainian pair, register, pedagogy, and UI presentation aligned on every rubric axis.",,
SB-1580,transition,word family,перехід,"Процес зміни однієї форми, стану, стилю чи місця в інше.",PASS,PASS,PASS,PASS,PASS,PASS,PASS,PASS,PASS,clean-candidate,none,high,"Fresh affirmative Pass-A review found the English sense, POS, Ukrainian pair, register, pedagogy, and UI presentation aligned on every rubric axis.",,
SB-1582,version,word family,версія,Певна форма або варіація чогось.,PASS,PASS,PASS,PASS,PASS,PASS,PASS,PASS,PASS,clean-candidate,none,high,"Fresh affirmative Pass-A review found the English sense, POS, Ukrainian pair, register, pedagogy, and UI presentation aligned on every rubric axis.",,
SB-1591,author,word family,автор,"Автор або творець твору, особливо літературного твору; або один із творців спільного твору.",PASS,PASS,PASS,PASS,PASS,PASS,PASS,PASS,PASS,clean-candidate,none,high,"Fresh affirmative Pass-A review found the English sense, POS, Ukrainian pair, register, pedagogy, and UI presentation aligned on every rubric axis.",,
SB-1593,brief,word family,короткий,Короткочасний; відбувається швидко.,PASS,PASS,PASS,PASS,PASS,PASS,PASS,PASS,PASS,clean-candidate,none,high,"Fresh affirmative Pass-A review found the English sense, POS, Ukrainian pair, register, pedagogy, and UI presentation aligned on every rubric axis.",,
SB-1594,capable,word family,здатний,"Умілий та ефективний; наявність здібностей, необхідних для конкретного завдання; наявність бажання щось зробити; дозволяти або бути сприйнятливим до чогось.",DEFECT,PASS,DEFECT,DEFECT,PASS,PASS,PASS,DEFECT,PASS,P1,semantic-fidelity,high,The definition uses noun phrases and wrongly treats willingness as part of being capable.,definitionUa,"Такий, що має потрібні здібності або спроможний виконати певне завдання."
SB-1597,diversity,word family,різноманітність,Якість різноманітності або відмінності; відмінність чи несхожість.,PASS,PASS,PASS,PASS,PASS,PASS,PASS,PASS,PASS,clean-candidate,none,high,"Fresh affirmative Pass-A review found the English sense, POS, Ukrainian pair, register, pedagogy, and UI presentation aligned on every rubric axis.",,
SB-1598,edition,word family,видання,"Повна кількість примірників твору, надрукованого та виданого за один раз.",PASS,PASS,PASS,PASS,PASS,PASS,PASS,PASS,PASS,clean-candidate,none,high,"Fresh affirmative Pass-A review found the English sense, POS, Ukrainian pair, register, pedagogy, and UI presentation aligned on every rubric axis.",,
SB-1599,enhanced,word family,посилений,"У версії або формі, яка була вдосконалена або краща за іншу стандартну форму.",PASS,PASS,PASS,PASS,PASS,PASS,PASS,PASS,PASS,clean-candidate,none,high,"Fresh affirmative Pass-A review found the English sense, POS, Ukrainian pair, register, pedagogy, and UI presentation aligned on every rubric axis.",,
SB-1601,exceed,word family,перевищувати,Виходити за (якусь межу); перевершити; бути довшим ніж.,PASS,PASS,PASS,PASS,PASS,PASS,PASS,PASS,PASS,clean-candidate,none,high,"Fresh affirmative Pass-A review found the English sense, POS, Ukrainian pair, register, pedagogy, and UI presentation aligned on every rubric axis.",,
SB-1602,expert,word family,експерт,Людина з широкими знаннями або здібностями в певній темі.,PASS,PASS,PASS,PASS,PASS,PASS,PASS,PASS,PASS,clean-candidate,none,high,"Fresh affirmative Pass-A review found the English sense, POS, Ukrainian pair, register, pedagogy, and UI presentation aligned on every rubric axis.",,
SB-1603,federal,word family,федеральний,"Відноситься до рівня національного уряду у федеративній країні, на відміну від рівня штату, провінції, округу, міста чи селища.",PASS,DEFECT,PASS,PASS,PASS,DEFECT,PASS,PASS,PASS,P1,calque-russianism,high,«Відноситься до» is a Russian-influenced calque.,definitionUa,Пов’язаний із федеральним або загальнонаціональним рівнем влади у федерації.
SB-1606,gender,word family,стать,"Ідентифікація як чоловіка, жінки чи чогось іншого та асоціація з (соціальною) роллю або набором поведінкових і культурних рис, одягу тощо; категорія, до якої за цією ознакою належить особа.",PASS,PASS,PASS,PASS,PASS,PASS,PASS,PASS,PASS,clean-candidate,none,high,"Fresh affirmative Pass-A review found the English sense, POS, Ukrainian pair, register, pedagogy, and UI presentation aligned on every rubric axis.",,
SB-1608,incentive,word family,стимул,"Щось, що мотивує, збуджує або заохочує.",PASS,PASS,PASS,PASS,PASS,PASS,PASS,PASS,PASS,clean-candidate,none,high,"Fresh affirmative Pass-A review found the English sense, POS, Ukrainian pair, register, pedagogy, and UI presentation aligned on every rubric axis.",,
SB-1610,index,word family,індекс,Алфавітний список предметів і їх розташування.,PASS,PASS,PASS,PASS,PASS,PASS,PASS,PASS,PASS,clean-candidate,none,high,"Fresh affirmative Pass-A review found the English sense, POS, Ukrainian pair, register, pedagogy, and UI presentation aligned on every rubric axis.",,
SB-1613,input,word family,введення,"Дані, що вводяться в процес, мають намір формувати чи впливати на результат цього процесу.",DEFECT,DEFECT,DEFECT,PASS,PASS,DEFECT,PASS,PASS,PASS,P1,semantic-fidelity,high,Data cannot «мати намір»; the literal construction assigns intention to input.,definitionUa,"Дані або ресурси, що надходять у процес і впливають на його результат."
SB-1614,instructions,word family,інструкції,"Вказівки, які пояснюють, що або як потрібно зробити.",PASS,PASS,PASS,PASS,PASS,PASS,PASS,PASS,PASS,clean-candidate,none,high,"Fresh affirmative Pass-A review found the English sense, POS, Ukrainian pair, register, pedagogy, and UI presentation aligned on every rubric axis.",,
SB-1615,intelligence,word family,інтелект,"Здатність розуму, особливо розуміти принципи, істини, факти чи значення, здобувати знання та застосовувати їх на практиці; здатність осягати і вчитися;",PASS,PASS,PASS,PASS,PASS,PASS,PASS,PASS,PASS,clean-candidate,none,high,"Fresh affirmative Pass-A review found the English sense, POS, Ukrainian pair, register, pedagogy, and UI presentation aligned on every rubric axis.",,
SB-1617,lecture,word family,лекція,"Розмовний урок або експозиція, як правило, для групи.",DEFECT,DEFECT,PASS,PASS,PASS,PASS,DEFECT,PASS,PASS,P1,semantic-fidelity,high,«Експозиція» is a false friend here; a lecture is an oral presentation or lesson.,definitionUa,Усний навчальний виклад або виступ перед групою слухачів.
SB-1618,minimum,word family,мінімум,Найменша сума.,PASS,PASS,PASS,PASS,PASS,PASS,PASS,PASS,PASS,clean-candidate,none,high,"Fresh affirmative Pass-A review found the English sense, POS, Ukrainian pair, register, pedagogy, and UI presentation aligned on every rubric axis.",,
SB-1619,motivation,word family,мотивація,Стимул або причина щось робити.,PASS,PASS,PASS,PASS,PASS,PASS,PASS,PASS,PASS,clean-candidate,none,high,"Fresh affirmative Pass-A review found the English sense, POS, Ukrainian pair, register, pedagogy, and UI presentation aligned on every rubric axis.",,
SB-1623,preceding,word family,попередній,"Відбувається до або перед чимось іншим, у часі, місці, ранзі чи послідовності.",PASS,PASS,PASS,PASS,PASS,PASS,PASS,PASS,PASS,clean-candidate,none,high,"Fresh affirmative Pass-A review found the English sense, POS, Ukrainian pair, register, pedagogy, and UI presentation aligned on every rubric axis.",,
SB-1627,subsidiary,word family,дочірнє підприємство,"Компанія, що належить материнській компанії або холдинговій компанії, також називається дочірньою компанією або дочірньою компанією.",PASS,PASS,PASS,PASS,PASS,PASS,PASS,DEFECT,PASS,P2,pedagogical-definition,medium,The definition repeats «дочірня компанія» twice.,definitionUa,"Компанія, яку контролює материнська або холдингова компанія."
SB-1628,tapes,word family,стрічки,Гнучкий матеріал в рулоні з липкою поверхнею з одного або обох боків; липка стрічка.,PASS,PASS,PASS,PASS,PASS,PASS,PASS,PASS,PASS,clean-candidate,none,high,"Fresh affirmative Pass-A review found the English sense, POS, Ukrainian pair, register, pedagogy, and UI presentation aligned on every rubric axis.",,
SB-1633,chemical,word family,хімічний,З хімії або пов'язаної з нею.,PASS,PASS,DEFECT,DEFECT,PASS,PASS,PASS,PASS,PASS,P1,grammar-syntax,high,«З хімії або пов’язаної з нею» is a fragment with feminine agreement.,definitionUa,Пов’язаний із хімією або хімічними речовинами.
SB-1637,confirmed,word family,підтверджено,Перевірено або ратифіковано.,PASS,PASS,DEFECT,DEFECT,PASS,PASS,DEFECT,PASS,PASS,P2,pos-alignment,medium,ua impersonal «підтверджено» does not align cleanly with confirmed.,ua,підтверджений
SB-1638,converted,word family,перетворений,змінилася форма чи функція тощо.,PASS,PASS,DEFECT,DEFECT,PASS,PASS,DEFECT,PASS,DEFECT,P1,pos-alignment,high,Lowercase feminine past «змінилася» does not align with masculine converted.,definitionUa,"Перетворений на іншу форму, функцію або систему."
SB-1639,couple,word family,пара,Два партнери в романтичних або сексуальних стосунках.,PASS,PASS,PASS,PASS,PASS,PASS,PASS,PASS,PASS,clean-candidate,none,high,"Fresh affirmative Pass-A review found the English sense, POS, Ukrainian pair, register, pedagogy, and UI presentation aligned on every rubric axis.",,
SB-1640,decades,word family,десятиліть,Періоди тривалістю по десять років.,PASS,PASS,DEFECT,PASS,PASS,PASS,DEFECT,PASS,PASS,P1,case-alignment,high,ua genitive «десятиліть» does not match nominative plural decades.,ua,десятиліття
SB-1641,definite,word family,певний,Без жодних сумнівів.,PASS,PASS,PASS,PASS,PASS,PASS,PASS,PASS,PASS,clean-candidate,none,high,"Fresh affirmative Pass-A review found the English sense, POS, Ukrainian pair, register, pedagogy, and UI presentation aligned on every rubric axis.",,
SB-1642,deny,word family,заперечувати,"Стверджувати, що щось неправда.",PASS,PASS,PASS,PASS,PASS,PASS,PASS,PASS,PASS,clean-candidate,none,high,"Fresh affirmative Pass-A review found the English sense, POS, Ukrainian pair, register, pedagogy, and UI presentation aligned on every rubric axis.",,
SB-1644,eliminate,word family,ліквідувати,"Повністю прибрати, позбутися, покінчити.",PASS,PASS,PASS,PASS,PASS,PASS,PASS,PASS,PASS,clean-candidate,none,high,"Fresh affirmative Pass-A review found the English sense, POS, Ukrainian pair, register, pedagogy, and UI presentation aligned on every rubric axis.",,
SB-1645,equipment,word family,обладнання,"Будь-які предмети, які використовуються для спорядження чогось або когось, наприклад речі, необхідні для експедиції чи плавання.",PASS,PASS,PASS,PASS,PASS,PASS,PASS,PASS,PASS,clean-candidate,none,high,"Fresh affirmative Pass-A review found the English sense, POS, Ukrainian pair, register, pedagogy, and UI presentation aligned on every rubric axis.",,
SB-1646,file,word family,файл,"Збірка документів, зібраних і архівованих разом.",PASS,PASS,PASS,PASS,PASS,PASS,PASS,PASS,PASS,clean-candidate,none,high,"Fresh affirmative Pass-A review found the English sense, POS, Ukrainian pair, register, pedagogy, and UI presentation aligned on every rubric axis.",,
SB-1647,finite,word family,кінцевий,"Такий, що має визначену межу, кінець або обмежену кількість.",PASS,PASS,PASS,PASS,PASS,PASS,PASS,PASS,PASS,clean-candidate,none,high,"Fresh affirmative Pass-A review found the English sense, POS, Ukrainian pair, register, pedagogy, and UI presentation aligned on every rubric axis.",,
SB-1648,foundation,word family,основа,"Те, на чому все засновано; те, на чому що-небудь стоїть і чим воно підтримується; нижній і опорний шар надбудови; підбудова.",PASS,PASS,PASS,PASS,PASS,PASS,PASS,PASS,PASS,clean-candidate,none,high,"Fresh affirmative Pass-A review found the English sense, POS, Ukrainian pair, register, pedagogy, and UI presentation aligned on every rubric axis.",,
SB-1649,global,word family,глобальний,Щодо всіх частин світу.,PASS,PASS,PASS,PASS,PASS,PASS,PASS,PASS,PASS,clean-candidate,none,high,"Fresh affirmative Pass-A review found the English sense, POS, Ukrainian pair, register, pedagogy, and UI presentation aligned on every rubric axis.",,
SB-1650,grade,word family,клас,"Виконання тесту чи іншого оцінювання, виражене цифрою, літерою чи іншим символом; оцінка.",DEFECT,PASS,PASS,PASS,PASS,PASS,DEFECT,DEFECT,PASS,P1,ua-definition-consistency,high,ua «клас» conflicts with the definition's assessment-mark sense.,ua+definitionUa,"ua: оцінка | definitionUa: Результат оцінювання, виражений числом, літерою чи іншим символом."
SB-1651,guarantee,word family,гарантія,"Все, що забезпечує певний результат.",PASS,PASS,PASS,PASS,PASS,PASS,PASS,PASS,PASS,clean-candidate,none,high,"Fresh affirmative Pass-A review found the English sense, POS, Ukrainian pair, register, pedagogy, and UI presentation aligned on every rubric axis.",,
SB-1652,hierarchical,word family,ієрархічний,Що стосується ієрархії.,PASS,PASS,PASS,PASS,PASS,PASS,PASS,PASS,PASS,clean-candidate,none,high,"Fresh affirmative Pass-A review found the English sense, POS, Ukrainian pair, register, pedagogy, and UI presentation aligned on every rubric axis.",,
SB-1653,identical,word family,однакові,"Маючи повну схожість, маючи абсолютно однаковий набір характеристик; нерозрізнений.",PASS,PASS,DEFECT,DEFECT,PASS,PASS,DEFECT,PASS,PASS,P1,number-agreement,high,Plural ua «однакові» and participial definition do not align with singular identical.,ua+definitionUa,ua: однаковий; ідентичний | definitionUa: Цілком такий самий за всіма істотними ознаками.
SB-1658,media,word family,ЗМІ,Засоби та інститути публікації та трансляції інформації.,PASS,PASS,PASS,PASS,PASS,PASS,PASS,PASS,PASS,clean-candidate,none,high,"Fresh affirmative Pass-A review found the English sense, POS, Ukrainian pair, register, pedagogy, and UI presentation aligned on every rubric axis.",,
SB-1660,paradigm,word family,парадигма,"Зразок, спосіб виконання чогось; особливо модель мислення, система вірувань, концептуальна основа.",PASS,PASS,PASS,PASS,PASS,PASS,PASS,PASS,PASS,clean-candidate,none,high,"Fresh affirmative Pass-A review found the English sense, POS, Ukrainian pair, register, pedagogy, and UI presentation aligned on every rubric axis.",,
SB-1661,phenomenon,word family,явище,"Річ або істота, подія або процес, що сприймаються органами чуття; або факт чи подія цього.",PASS,DEFECT,DEFECT,PASS,PASS,PASS,PASS,DEFECT,PASS,P1,grammar-syntax,high,The ending «факт чи подія цього» is grammatically meaningless.,definitionUa,"Подія, факт або процес, які можна спостерігати чи досліджувати."
SB-1662,priority,word family,пріоритет,Відносна важливість елемента.,PASS,PASS,PASS,PASS,PASS,PASS,PASS,PASS,PASS,clean-candidate,none,high,"Fresh affirmative Pass-A review found the English sense, POS, Ukrainian pair, register, pedagogy, and UI presentation aligned on every rubric axis.",,
SB-1663,prohibited,word family,заборонено,Заборонено; заборонений; недозволено.,PASS,PASS,DEFECT,DEFECT,PASS,PASS,DEFECT,PASS,PASS,P2,pos-alignment,medium,"ua and the definition mix impersonal, masculine adjective, and impersonal adverb forms.",ua+definitionUa,"ua: заборонений | definitionUa: Не дозволений правилом, законом або владою."
SB-1664,publication,word family,публікація,Акт видання друкованого чи іншого видання.,PASS,PASS,PASS,PASS,PASS,PASS,PASS,PASS,PASS,clean-candidate,none,high,"Fresh affirmative Pass-A review found the English sense, POS, Ukrainian pair, register, pedagogy, and UI presentation aligned on every rubric axis.",,
SB-1665,quotation,word family,цитата,"Фрагмент людського виразу, який повторює хтось інший, наприклад, з літератури чи відомої промови.",PASS,DEFECT,PASS,PASS,PASS,DEFECT,PASS,DEFECT,PASS,P1,calque-russianism,high,«Фрагмент людського виразу» is a literal and unidiomatic rendering of someone's words.,definitionUa,Точне відтворення слів іншої людини або уривка з тексту.
SB-1667,somewhat,word family,дещо,В обмеженій мірі або ступені; не повністю.,PASS,PASS,PASS,PASS,PASS,PASS,PASS,PASS,PASS,clean-candidate,none,high,"Fresh affirmative Pass-A review found the English sense, POS, Ukrainian pair, register, pedagogy, and UI presentation aligned on every rubric axis.",,
SB-1669,survive,word family,вижити,"Про людину, продовжувати жити; залишитися живим.",DEFECT,PASS,DEFECT,PASS,PASS,PASS,PASS,DEFECT,PASS,P1,grammar-syntax,high,"«Про людину, продовжувати жити» is a broken construction and unnecessarily excludes other organisms or persistence.",definitionUa,Залишатися живим після небезпеки; також продовжувати існувати.
SB-1670,thesis,word family,теза,"Розгорнута наукова робота або основне твердження, яке автор обґрунтовує доказами.",PASS,PASS,PASS,PASS,PASS,PASS,PASS,PASS,PASS,clean-candidate,none,high,"Fresh affirmative Pass-A review found the English sense, POS, Ukrainian pair, register, pedagogy, and UI presentation aligned on every rubric axis.",,
SB-1672,ultimately,word family,зрештою,Зрештою; нарешті.,PASS,PASS,PASS,PASS,PASS,PASS,PASS,PASS,PASS,clean-candidate,none,high,"Fresh affirmative Pass-A review found the English sense, POS, Ukrainian pair, register, pedagogy, and UI presentation aligned on every rubric axis.",,
SB-1675,voluntary,word family,добровільний,"Робиться, дається або діє за власним бажанням.",PASS,PASS,PASS,PASS,PASS,PASS,PASS,PASS,PASS,clean-candidate,none,high,"Fresh affirmative Pass-A review found the English sense, POS, Ukrainian pair, register, pedagogy, and UI presentation aligned on every rubric axis.",,
SB-1677,accompanied,word family,у супроводі,Наявність супроводу; бути частиною групи щонайменше з двох.,PASS,PASS,DEFECT,DEFECT,PASS,PASS,DEFECT,PASS,PASS,P1,pos-alignment,high,Prepositional ua «у супроводі» and noun/infinitive definition do not align with accompanied.,ua+definitionUa,"ua: супроводжуваний; у супроводі | definitionUa: Такий, що прибув або відбувся разом із кимось чи чимось."
SB-1678,ambiguous,word family,неоднозначний,Відкритий для багатьох інтерпретацій.,DEFECT,PASS,PASS,PASS,PASS,PASS,PASS,DEFECT,PASS,P2,semantic-fidelity,medium,«Багатьох інтерпретацій» overstates the sense; ambiguity requires more than one plausible meaning.,definitionUa,"Такий, що допускає кілька різних тлумачень і не має одного ясного значення."
SB-1680,automatically,word family,автоматично,Автоматичним способом.,PASS,PASS,PASS,PASS,PASS,PASS,PASS,DEFECT,PASS,P2,pedagogical-definition,medium,«Автоматичним способом» is circular and provides no usable sense.,definitionUa,"Без ручного втручання або свідомого рішення, завдяки заданому процесу."
SB-1683,conformity,word family,відповідність,"Стан відповідності, дотримання набору правил, норми чи стандарту.",PASS,PASS,PASS,PASS,PASS,PASS,PASS,PASS,PASS,clean-candidate,none,high,"Fresh affirmative Pass-A review found the English sense, POS, Ukrainian pair, register, pedagogy, and UI presentation aligned on every rubric axis.",,
SB-1686,currency,word family,валюта,"Гроші чи інші предмети, які використовуються для здійснення операцій.",PASS,PASS,PASS,PASS,PASS,PASS,PASS,PASS,PASS,clean-candidate,none,high,"Fresh affirmative Pass-A review found the English sense, POS, Ukrainian pair, register, pedagogy, and UI presentation aligned on every rubric axis.",,
SB-1688,detected,word family,виявлено,Будучи поміченим.,PASS,PASS,DEFECT,DEFECT,PASS,PASS,DEFECT,PASS,PASS,P2,pos-alignment,medium,ua impersonal «виявлено» and «Будучи поміченим» do not align cleanly with detected.,ua+definitionUa,ua: виявлений | definitionUa: Помічений або встановлений унаслідок перевірки чи спостереження.
SB-1690,displacement,word family,переміщення,Акт витіснення або стан витіснення; постановка з місця.,DEFECT,DEFECT,PASS,PASS,PASS,DEFECT,PASS,DEFECT,PASS,P1,semantic-fidelity,high,«Постановка з місця» is a false and unidiomatic rendering of displacement.,definitionUa,Переміщення з попереднього місця або витіснення; також відстань такого переміщення.
SB-1692,eventually,word family,зрештою,"Зрештою; пізніше, особливо після тривалого часу, серія проблем, боротьби, затримок або невдач.",PASS,PASS,DEFECT,PASS,PASS,PASS,PASS,PASS,PASS,P1,grammar-syntax,high,"Singular nominative «серія» is invalid after «після», which requires genitive.",definitionUa,"Зрештою, особливо після тривалого часу, серії проблем, затримок або невдач."
SB-1697,implicit,word family,неявний,"Пропонується опосередковано, без прямого вираження.",DEFECT,DEFECT,PASS,PASS,PASS,DEFECT,PASS,PASS,PASS,P1,semantic-fidelity,high,«Пропонується опосередковано» falsely translates implied as proposed.,definitionUa,Мається на увазі без прямого висловлення.
SB-1699,inevitably,word family,неминуче,"Таким чином, якого неможливо уникнути або запобігти.",PASS,PASS,PASS,PASS,PASS,PASS,PASS,PASS,PASS,clean-candidate,none,high,"Fresh affirmative Pass-A review found the English sense, POS, Ukrainian pair, register, pedagogy, and UI presentation aligned on every rubric axis.",,
SB-1700,infrastructure,word family,інфраструктура,"Об’єкти, послуги та обладнання, необхідні для функціонування спільноти чи суспільства.",PASS,PASS,PASS,PASS,PASS,PASS,PASS,PASS,PASS,clean-candidate,none,high,"Fresh affirmative Pass-A review found the English sense, POS, Ukrainian pair, register, pedagogy, and UI presentation aligned on every rubric axis.",,
SB-1701,minimised,word family,зведений до мінімуму,"Зменшений до найнижчого можливого рівня, кількості або ступеня.",PASS,PASS,PASS,PASS,PASS,PASS,PASS,PASS,PASS,clean-candidate,none,high,"Fresh affirmative Pass-A review found the English sense, POS, Ukrainian pair, register, pedagogy, and UI presentation aligned on every rubric axis.",,
SB-1705,plus,word family,плюс,Позитивна величина.,PASS,PASS,PASS,PASS,PASS,PASS,PASS,PASS,PASS,clean-candidate,none,high,"Fresh affirmative Pass-A review found the English sense, POS, Ukrainian pair, register, pedagogy, and UI presentation aligned on every rubric axis.",,
SB-1708,random,word family,випадковий,"Виникає без особливої ​​причини; випадковий, непередбачуваний.",PASS,PASS,PASS,PASS,PASS,PASS,PASS,PASS,PASS,clean-candidate,none,high,"Fresh affirmative Pass-A review found the English sense, POS, Ukrainian pair, register, pedagogy, and UI presentation aligned on every rubric axis.",,
SB-1709,reinforced,word family,посилений,Був або містить підкріплення.,PASS,PASS,DEFECT,DEFECT,PASS,PASS,DEFECT,PASS,PASS,P1,tense-alignment,high,«Був або містить» mixes past and present and does not align with reinforced.,definitionUa,"Посилений додатковою опорою, матеріалом або аргументом."
SB-1711,revision,word family,перегляд,"Дія або процес перегляду, редагування та внесення змін.",PASS,PASS,PASS,PASS,PASS,PASS,PASS,PASS,PASS,clean-candidate,none,high,"Fresh affirmative Pass-A review found the English sense, POS, Ukrainian pair, register, pedagogy, and UI presentation aligned on every rubric axis.",,
SB-1712,schedule,word family,графік,"Процедурний план, як правило, але не обов’язково табличного характеру, із зазначенням послідовності операцій і запланованого часу, коли ці операції мають виконуватися.",PASS,PASS,PASS,PASS,PASS,PASS,PASS,PASS,PASS,clean-candidate,none,high,"Fresh affirmative Pass-A review found the English sense, POS, Ukrainian pair, register, pedagogy, and UI presentation aligned on every rubric axis.",,
SB-1713,tension,word family,напруга,"Умова перебування в стані між двома або більше силами, які діють протилежно одна одній.",PASS,PASS,PASS,PASS,PASS,PASS,PASS,PASS,PASS,clean-candidate,none,high,"Fresh affirmative Pass-A review found the English sense, POS, Ukrainian pair, register, pedagogy, and UI presentation aligned on every rubric axis.",,
SB-1714,termination,word family,припинення,Процес припинення або стан припинення.,PASS,PASS,PASS,PASS,PASS,PASS,PASS,PASS,PASS,clean-candidate,none,high,"Fresh affirmative Pass-A review found the English sense, POS, Ukrainian pair, register, pedagogy, and UI presentation aligned on every rubric axis.",,
SB-1715,theme,word family,тема,"Предмет, тепер особливо розмови чи художнього твору; тема.",PASS,PASS,PASS,PASS,PASS,PASS,PASS,DEFECT,PASS,P2,pedagogical-definition,medium,The definition repeats «тема» and gives little distinction.,definitionUa,"Головний предмет розмови, дослідження або художнього твору."
SB-1716,uniform,word family,уніформа,"Відмітний одяг, який служить для ідентифікації членів групи, компанії, ув'язнених тощо.",PASS,PASS,PASS,PASS,PASS,PASS,PASS,PASS,PASS,clean-candidate,none,high,"Fresh affirmative Pass-A review found the English sense, POS, Ukrainian pair, register, pedagogy, and UI presentation aligned on every rubric axis.",,
SB-1717,vehicle,word family,транспортний засіб,"Транспортний засіб: місткий пристрій для перенесення або транспортування речовин, предметів, людей або тварин.",PASS,PASS,PASS,PASS,PASS,PASS,PASS,PASS,PASS,clean-candidate,none,high,"Fresh affirmative Pass-A review found the English sense, POS, Ukrainian pair, register, pedagogy, and UI presentation aligned on every rubric axis.",,
SB-1719,virtually,word family,практично,"Майже, але не зовсім.",PASS,PASS,PASS,PASS,PASS,PASS,PASS,PASS,PASS,clean-candidate,none,high,"Fresh affirmative Pass-A review found the English sense, POS, Ukrainian pair, register, pedagogy, and UI presentation aligned on every rubric axis.",,
SB-1721,visual,word family,візуальний,Пов’язані із зором або впливають на нього.,PASS,PASS,DEFECT,DEFECT,PASS,PASS,PASS,PASS,PASS,P1,number-agreement,high,Plural «Пов’язані ... впливають» does not agree with singular візуальний.,definitionUa,"Пов’язаний із зором або тим, що сприймається очима."
SB-1722,accommodation,word family,проживання,"Проживання в житлі чи подібних житлових приміщеннях, які надаються мандрівникам у готелях або на круїзних суднах, або ув’язненим тощо.",PASS,PASS,PASS,PASS,PASS,PASS,PASS,PASS,PASS,clean-candidate,none,high,"Fresh affirmative Pass-A review found the English sense, POS, Ukrainian pair, register, pedagogy, and UI presentation aligned on every rubric axis.",,
SB-1723,analogous,word family,аналогічний,"Наявність аналога, статус аналога; відповідний чомусь іншому; має певну схожість або схожу пропорцію (часто після «до».)",PASS,PASS,PASS,PASS,PASS,PASS,DEFECT,DEFECT,PASS,P1,pedagogical-accuracy,high,"The usage note says analogous is followed by Ukrainian «до», obscuring the required English pattern analogous to.",definitionUa,Подібний до чогось за певними ознаками або відношеннями; англійською вживається з «to».
SB-1724,anticipated,word family,очікуваний,очікується прибуття; заплановано,PASS,PASS,DEFECT,DEFECT,PASS,PASS,DEFECT,PASS,DEFECT,P1,pos-alignment,high,Lowercase impersonal phrases «очікується ... заплановано» do not align with anticipated.,definitionUa,Очікуваний або передбачений заздалегідь.
SB-1730,concurrent,word family,одночасний,Відбувається одночасно; одночасний.,PASS,PASS,PASS,PASS,PASS,PASS,PASS,DEFECT,PASS,P2,pedagogical-definition,medium,The definition repeats «одночасний» without adding usable information.,definitionUa,"Такий, що відбувається в той самий час, що й інша подія."
SB-1732,controversy,word family,суперечка,Дебати або обговорення протилежних думок; (загалом) сварка.,PASS,PASS,PASS,PASS,PASS,PASS,PASS,PASS,PASS,clean-candidate,none,high,"Fresh affirmative Pass-A review found the English sense, POS, Ukrainian pair, register, pedagogy, and UI presentation aligned on every rubric axis.",,
SB-1733,conversely,word family,навпаки,З іншої точки зору; з іншого боку.,DEFECT,PASS,PASS,PASS,PASS,PASS,PASS,DEFECT,PASS,P1,semantic-fidelity,high,"Conversely means in an opposite or reversed relation, not merely from another viewpoint.",definitionUa,Навпаки; якщо розглянути протилежне співвідношення.
SB-1734,device,word family,пристрій,"Будь-яка частина обладнання, виготовлена ​​для певної мети, особливо механічна чи електрична.",PASS,PASS,PASS,PASS,PASS,PASS,PASS,PASS,PASS,clean-candidate,none,high,"Fresh affirmative Pass-A review found the English sense, POS, Ukrainian pair, register, pedagogy, and UI presentation aligned on every rubric axis.",,
SB-1737,duration,word family,тривалість,Проміжок часу або певний проміжок часу.,PASS,PASS,PASS,PASS,PASS,PASS,PASS,DEFECT,PASS,P2,pedagogical-definition,medium,The definition tautologically repeats «проміжок часу».,definitionUa,"Кількість часу, протягом якого щось триває."
SB-1738,erosion,word family,ерозія,"Результат зносу або ерозії, як льодовик на скелі або море на скелі.",DEFECT,PASS,DEFECT,PASS,PASS,PASS,PASS,DEFECT,PASS,P1,semantic-fidelity,high,"Erosion is a process, not merely its result, and «як льодовик на скелі» is grammatically defective.",definitionUa,"Поступове руйнування й перенесення ґрунту або породи водою, вітром, льодом чи іншими чинниками."
SB-1739,ethical,word family,етичний,"Що стосується загальноприйнятих принципів правильного й неправильного, особливо в певній організації чи професії.",PASS,PASS,PASS,PASS,PASS,PASS,PASS,PASS,PASS,clean-candidate,none,high,"Fresh affirmative Pass-A review found the English sense, POS, Ukrainian pair, register, pedagogy, and UI presentation aligned on every rubric axis.",,
SB-1740,format,word family,формат,Макет публікації чи документа.,PASS,PASS,PASS,PASS,PASS,PASS,PASS,PASS,PASS,clean-candidate,none,high,"Fresh affirmative Pass-A review found the English sense, POS, Ukrainian pair, register, pedagogy, and UI presentation aligned on every rubric axis.",,
SB-1744,mediation,word family,посередництво,"Переговори для вирішення розбіжностей, які проводяться неупередженою стороною.",PASS,PASS,PASS,PASS,PASS,PASS,PASS,PASS,PASS,clean-candidate,none,high,"Fresh affirmative Pass-A review found the English sense, POS, Ukrainian pair, register, pedagogy, and UI presentation aligned on every rubric axis.",,
SB-1746,military,word family,військовий,"Стосовно збройних сил, таких як армія, морська піхота, флот і авіація (часто на відміну від цивільних чи поліцейських сил).",PASS,PASS,PASS,PASS,PASS,PASS,PASS,PASS,PASS,clean-candidate,none,high,"Fresh affirmative Pass-A review found the English sense, POS, Ukrainian pair, register, pedagogy, and UI presentation aligned on every rubric axis.",,
SB-1749,portion,word family,частина,Виділена сума.,PASS,PASS,PASS,PASS,PASS,PASS,PASS,PASS,PASS,clean-candidate,none,high,"Fresh affirmative Pass-A review found the English sense, POS, Ukrainian pair, register, pedagogy, and UI presentation aligned on every rubric axis.",,
SB-1750,qualitative,word family,якісний,"Описів або відмінностей, заснованих на певній якості, а не на певній кількості.",PASS,PASS,DEFECT,DEFECT,PASS,PASS,PASS,PASS,PASS,P1,grammar-syntax,high,Genitive plural «Описів або відмінностей» has no governing word and does not define the adjective.,definitionUa,"Заснований на якості, властивостях або описі, а не на числовій кількості."
SB-1752,relaxed,word family,розслаблений,Вільний від напруги або тривоги; невимушено; неквапливий.,PASS,PASS,DEFECT,DEFECT,PASS,PASS,PASS,PASS,PASS,P1,grammar-syntax,high,The definition mixes adjective and adverb forms («невимушено; неквапливий»).,definitionUa,Вільний від напруги або тривоги; спокійний і невимушений.
SB-1753,restraints,word family,обмеження,контроль або обережність; резерв,DEFECT,DEFECT,PASS,PASS,PASS,DEFECT,PASS,DEFECT,DEFECT,P1,semantic-fidelity,high,Lowercase «контроль або обережність; резерв» is vague and reserve is a false-friend sense here.,definitionUa,"Засоби або правила, що обмежують свободу дії чи руху; стримувальні заходи."
SB-1755,rigid,word family,жорсткий,"Жорсткий, а не гнучкий.",PASS,PASS,PASS,PASS,PASS,PASS,PASS,PASS,PASS,clean-candidate,none,high,"Fresh affirmative Pass-A review found the English sense, POS, Ukrainian pair, register, pedagogy, and UI presentation aligned on every rubric axis.",,
SB-1757,scenario,word family,сценарій,Схема або модель очікуваної чи передбачуваної послідовності подій.,PASS,PASS,PASS,PASS,PASS,PASS,PASS,PASS,PASS,clean-candidate,none,high,"Fresh affirmative Pass-A review found the English sense, POS, Ukrainian pair, register, pedagogy, and UI presentation aligned on every rubric axis.",,
SB-1758,subordinate,word family,підлеглий,"Поставлений у нижчий клас, ранг або посаду.",PASS,PASS,PASS,PASS,PASS,PASS,PASS,PASS,PASS,clean-candidate,none,high,"Fresh affirmative Pass-A review found the English sense, POS, Ukrainian pair, register, pedagogy, and UI presentation aligned on every rubric axis.",,
SB-1759,supplementary,word family,додатковий,"додатковий; додано, щоб забезпечити те, що потрібно.",PASS,PASS,DEFECT,DEFECT,PASS,PASS,DEFECT,PASS,DEFECT,P1,pos-alignment,high,Lowercase «додано» is impersonal/perfective and does not align with supplementary.,definitionUa,"Додатковий; призначений доповнити те, чого бракує."
SB-1760,suspended,word family,призупинено,Змусив на деякий час зупинитися; переривається або затримується.,PASS,PASS,DEFECT,DEFECT,PASS,PASS,DEFECT,PASS,PASS,P1,tense-alignment,high,"ua is impersonal, while the definition shifts from masculine past to present reflexive.",ua+definitionUa,"ua: призупинений | definitionUa: Тимчасово зупинений, відкладений або усунений від виконання обов’язків."
SB-1761,team,word family,команда,"Будь-яка група людей, які займаються однією діяльністю, особливо спортом або роботою.",PASS,PASS,PASS,PASS,PASS,PASS,PASS,PASS,PASS,clean-candidate,none,high,"Fresh affirmative Pass-A review found the English sense, POS, Ukrainian pair, register, pedagogy, and UI presentation aligned on every rubric axis.",,
SB-1768,conceived,word family,задуманий,сформований у свідомості,PASS,PASS,PASS,PASS,PASS,PASS,PASS,PASS,DEFECT,P2,ui-formatting,medium,The definition starts lowercase and lacks terminal punctuation.,definitionUa,Сформований або створений у свідомості як ідея чи задум.
SB-1769,convinced,word family,переконаний,"У стані віри, особливо на основі доказів, але не обов'язково.",DEFECT,DEFECT,PASS,PASS,PASS,DEFECT,PASS,PASS,PASS,P1,calque-russianism,high,«У стані віри» is a literal calque and does not express being firmly persuaded.,definitionUa,Твердий у певному переконанні або впевнений у його правдивості.
SB-1771,encountered,word family,зіткнувся,"Зустріти (когось) або знайти (щось), особливо несподівано.",PASS,PASS,DEFECT,DEFECT,PASS,PASS,DEFECT,PASS,PASS,P1,tense-alignment,high,ua masculine past «зіткнувся» conflicts with the infinitive definition and does not provide a neutral participle.,ua+definitionUa,"ua: зустрінутий; виявлений | definitionUa: Зустрінутий або знайдений, особливо несподівано."
SB-1772,enormous,word family,величезний,"Надзвичайно великий; значно перевищує звичайний розмір, протяжність тощо.",PASS,PASS,PASS,PASS,PASS,PASS,PASS,PASS,PASS,clean-candidate,none,high,"Fresh affirmative Pass-A review found the English sense, POS, Ukrainian pair, register, pedagogy, and UI presentation aligned on every rubric axis.",,
SB-1774,intrinsic,word family,внутрішній,"Вроджений, властивий, невіддільний від самої речі, істотний.",PASS,PASS,PASS,PASS,PASS,PASS,PASS,PASS,PASS,clean-candidate,none,high,"Fresh affirmative Pass-A review found the English sense, POS, Ukrainian pair, register, pedagogy, and UI presentation aligned on every rubric axis.",,
SB-1777,likewise,word family,так само,також; крім того; теж.,PASS,PASS,PASS,PASS,PASS,PASS,PASS,PASS,DEFECT,P2,ui-formatting,medium,The definition starts with a lowercase letter.,definitionUa,Так само; також або подібним чином.
SB-1778,notwithstanding,word family,незважаючи на це,"Тим не менш, все так само.",PASS,DEFECT,PASS,PASS,PASS,PASS,PASS,DEFECT,PASS,P2,idiomatic-ukrainian,medium,«Все так само» is not an idiomatic equivalent of nevertheless in this entry.,definitionUa,Попри це; проте або все ж.
SB-1783,so-called,word family,т. зв,Так названо; зазвичай називають.,PASS,DEFECT,DEFECT,PASS,PASS,PASS,PASS,PASS,DEFECT,P2,ui-formatting,medium,ua abbreviation lacks its final period and the passive definition is awkward.,ua+definitionUa,"ua: т. зв. | definitionUa: Так званий; відомий під певною назвою, іноді сумнівною."
