ID,Phase,Requirement,Status,Evidence,Test,Notes
REQ-001,0,Primary product objective,Passed,,,
REQ-002,0,Core design principles,Passed,,,
REQ-003,0,Product information architecture,Passed,,,
REQ-004,0,Global mobile navigation,Passed,,,
REQ-005,0,Global component system,Passed,,,
REQ-006,0,Responsive design requirements,Passed,,,
REQ-007,0,Accessibility requirements,Passed,,,
REQ-008,0,Data architecture,Passed,,,
REQ-009,0,Local storage and backup,Passed,,,
REQ-010,0,Legacy site integration,Passed,,,
REQ-011,0,Vocabulary migration,Passed,web/vocabulary.js; docs/vocabulary_migration_manifest.json,tests/g2_vocabulary_validation.py; tests/ui_vocabulary_static.py,1784 / 1784 records reconciled from uploaded workbook.
REQ-012,0,Vocabulary validation,Passed,web/vocabulary.js; docs/vocabulary_migration_manifest.json,tests/g2_vocabulary_validation.py; tests/ui_vocabulary_static.py,1784 / 1784 records reconciled from uploaded workbook.
REQ-013,1,Diagnostic system,Not Started,,,
REQ-014,1,Mastery model,Not Started,,,
REQ-015,3,Reading academy,Passed,web/reading_data.js; web/app.js; docs/reading_inventory.json; docs/phase_3_report.md,tests/g3_reading_validation.py; tests/g3_reading_functional.py; tests/g3_reading_responsive.py; tests/g3_reading_accessibility.py,"G3 benchmark exceeded: 60 original texts, 240 scored questions, 15 families, 100% explanations."
REQ-016,3,Reading quality gate,Passed,web/reading_data.js; web/app.js; docs/reading_inventory.json; docs/phase_3_report.md,tests/g3_reading_validation.py; tests/g3_reading_functional.py; tests/g3_reading_responsive.py; tests/g3_reading_accessibility.py,"G3 benchmark exceeded: 60 original texts, 240 scored questions, 15 families, 100% explanations."
REQ-017,4,Writing Task 1 academy,Passed,web/app.js; web/styles.css; web/index.html; web/writing1_data.js,tests/g4_writing1_validation.py; tests/g4_writing1_content_qa.py; tests/g4_writing1_functional.py; tests/g4_writing1_responsive.py; tests/g4_writing1_accessibility.py,"Writing Task 1 academy delivered: 7 families, 70 micro-exercises, 21 full prompts, 11 modules, learner-facing UI."
REQ-018,4,Task 1 exercise types,Passed,web/app.js; web/styles.css; web/index.html; web/writing1_data.js,tests/g4_writing1_validation.py; tests/g4_writing1_content_qa.py; tests/g4_writing1_functional.py; tests/g4_writing1_responsive.py; tests/g4_writing1_accessibility.py,"All 10 exercise types implemented across three interaction types (select, cloze, ordering), one of each in every family."
REQ-019,4,Task 1 band comparison lab,Passed,scripts/build_writing1_curriculum.py BAND_SETS; web/writing1_data.js bandComparisons[]; web/app.js renderW1Band,tests/g4_writing1_inventory.py; tests/g4_writing1_validation.py; tests/g4_writing1_claims.py,"7 band comparison sets, one per visual family, 21 sample responses with per-aspect comparison and disclaimed labels. Previously mis-recorded as satisfied by arguing it was a G5 requirement; that was a requirement being reinterpreted and is corrected here."
REQ-020,4,Task 1 quality gate,Passed,web/app.js; web/styles.css; web/index.html; web/writing1_data.js,tests/g4_writing1_validation.py; tests/g4_writing1_content_qa.py; tests/g4_writing1_functional.py; tests/g4_writing1_responsive.py; tests/g4_writing1_accessibility.py,"Task 1 quality gate met: benchmarks exceeded, content QA recorded, responsive and accessibility evidence at six widths across seven families, G0-G3 regression passing."
REQ-021,5,Writing Task 2 academy,Not Started,,,
REQ-022,5,Task 2 content targets,Not Started,,,
REQ-023,5,Task 2 quality gate,Not Started,,,
REQ-024,6,Ukrainian-English grammar clinic,Not Started,,,
REQ-025,6,Paraphrasing academy,Not Started,,,
REQ-026,6,Pronunciation lab,Not Started,,,
REQ-027,7,Speaking academy,Not Started,,,
REQ-028,7,Practice Together mode,Not Started,,,
REQ-029,7,Speaking feedback model,Not Started,,,
REQ-030,7,Speaking quality gate,Not Started,,,
REQ-031,8,Listening academy,Not Started,,,
REQ-032,8,Listening error taxonomy,Not Started,,,
REQ-033,9,Error log,Not Started,,,
REQ-034,9,Review queue,Not Started,,,
REQ-035,9,Daily study session generator,Not Started,,,
REQ-036,9,Adaptive recommendation engine,Not Started,,,
REQ-037,9,Adaptive engine validation,Not Started,,,
REQ-038,9,Mock test center,Not Started,,,
REQ-039,9,Progress dashboard,Not Started,,,
REQ-040,9,Study history,Not Started,,,
REQ-041,9,Global search,Not Started,,,
REQ-042,9,Resources,Not Started,,,
REQ-043,9,Content quality rules,Not Started,,,
REQ-044,9,Copyright and source rules,Not Started,,,
REQ-045,0,Requirements ledger,Passed,,,
REQ-046,0,Phase validation loop,Passed,,,
REQ-047,0,Defect priorities,Passed,,,
REQ-048,0,Regression suite,Passed,,,
REQ-049,0,Phase 0 audit and requirements lock,Passed,,,
REQ-050,1,Phase 1 foundation and design system,Passed,,,
REQ-051,2,Phase 2 legacy integration and vocabulary migration,Passed,web/vocabulary.js; docs/vocabulary_migration_manifest.json,tests/g2_vocabulary_validation.py; tests/ui_vocabulary_static.py,1784 / 1784 records reconciled from uploaded workbook.
REQ-052,3,Phase 3 reading academy,Passed,web/reading_data.js; web/app.js; docs/reading_inventory.json; docs/phase_3_report.md,tests/g3_reading_validation.py; tests/g3_reading_functional.py; tests/g3_reading_responsive.py; tests/g3_reading_accessibility.py,"G3 benchmark exceeded: 60 original texts, 240 scored questions, 15 families, 100% explanations."
REQ-053,4,Phase 4 writing Task 1,In Progress,web/app.js; web/styles.css; web/index.html; web/writing1_data.js,tests/g4_writing1_validation.py; tests/g4_writing1_content_qa.py; tests/g4_writing1_functional.py; tests/g4_writing1_responsive.py; tests/g4_writing1_accessibility.py,Internal pass; external review pending. See docs/G4_EXTERNAL_REVIEW_PACKET.md. Not recorded as Passed until the cross-provider review has occurred.
REQ-054,5,Phase 5 writing Task 2,Not Started,,,
REQ-055,6,"Phase 6 grammar, paraphrasing and pronunciation",Not Started,,,
REQ-056,7,Phase 7 speaking and Together mode,Not Started,,,
REQ-057,8,Phase 8 listening,Not Started,,,
REQ-058,9,"Phase 9 adaptive engine, review and mock center",Not Started,,,
REQ-059,10,Phase 10 final QA and release,Not Started,,,
REQ-060,10,Build progress reporting,Not Started,,,
REQ-061,10,Benchmark dashboard,Not Started,,,
REQ-062,10,Validation through automated inventory,Not Started,,,
REQ-063,10,Final user acceptance flows,Not Started,,,
REQ-064,10,Final release definition of done,Not Started,,,
REQ-065,10,Operating rule for entire build,Not Started,,,
REQ-066,10,Build-cycle roadmap,Not Started,,,
REQ-067,10,Build-cycle graphic model,Not Started,,,
REQ-068,10,Benchmark matrix,Not Started,,,
REQ-069,10,Validation principle,Not Started,,,
REQ-070,10,Final product principle,Not Started,,,
REQ-002A,0,Preserve calm academic presentation,Passed,web/styles.css,Visual token inspection,
REQ-002B,0,Preserve mobile-first continuous scrolling,Passed,web/index.html; web/styles.css,Responsive smoke test,
REQ-002C,1,Implement EN / UA+EN / UA Help without losing state,Passed,web/app.js,test_language_mode_state,
REQ-002D,1,Home prioritizes what to practice next,Passed,web/app.js,test_recommendation_no_data,
REQ-004A,1,Mobile primary navigation exposes five controls,Passed,web/index.html,test_mobile_nav_items,
REQ-005A,1,Reusable UI component primitives,Passed,web/app.js; web/styles.css,component inventory check,
REQ-006A,1,No unintended horizontal overflow at target widths,Passed,tests/responsive_check.py,Playwright passed 320/375/430/768/1024/1440,
REQ-007A,1,Keyboard focus states and semantic controls,Passed,web/styles.css; web/index.html,manual/static accessibility checks,
REQ-008A,1,Learner state schema,Passed,schemas/learner_state.schema.json,jsonschema validation,
REQ-008B,1,Module schema,Passed,schemas/module.schema.json,jsonschema validation,
REQ-008C,1,Exercise schema,Passed,schemas/exercise.schema.json,jsonschema validation,
REQ-009A,1,Local persistence shell,Passed,web/app.js,reload persistence smoke test,
REQ-009B,1,Export learner data JSON,Passed,web/app.js,manual export smoke,
REQ-009C,1,Import validates schema and protects current state,Passed,web/app.js,manual malformed import rejection smoke,
REQ-010A,0,Legacy workbook inventory captured,Passed,docs/legacy_content_inventory.csv,inventory reconciliation,
REQ-011A,2,"Migrate exact 1,784 legacy records",Passed,web/vocabulary.js; docs/vocabulary_migration_manifest.json,tests/g2_vocabulary_validation.py; tests/ui_vocabulary_static.py,1784 / 1784 records reconciled from uploaded workbook.
REQ-012A,2,"1,784 / 1,784 source records accounted for",Passed,web/vocabulary.js; docs/vocabulary_migration_manifest.json,tests/g2_vocabulary_validation.py; tests/ui_vocabulary_static.py,1784 / 1784 records reconciled from uploaded workbook.
REQ-014A,1,Six mastery levels implemented in state model,Passed,web/app.js; schemas/learner_state.schema.json,mastery constant check,
REQ-033A,1,Error records support required fields,Passed,web/app.js; schemas/learner_state.schema.json,error save smoke test,
REQ-034A,1,Global Review Today shell,Passed,web/app.js,review queue render smoke test,
REQ-035A,1,Time presets 10/20/30/45/60/90,Passed,web/app.js,preset list check,
REQ-036A,1,Recommendations include visible reason,Passed,web/app.js,reason render check,
REQ-041A,1,Global search shell across supported data types,Passed,web/app.js,search smoke test,
REQ-045A,0,Stable IDs retained in requirements ledger,Passed,docs/requirements_ledger.csv,unique ID validation,
REQ-048A,1,Permanent regression checklist established,Passed,docs/regression_checklist.md,manual checklist inspection,
REQ-049A,0,Risk register created,Passed,docs/risk_register.csv,artifact existence,
REQ-050A,1,Responsive shell and design tokens built,Passed,web/styles.css,static + Playwright checks,
REQ-015A,3,"Reading foundation instruction covers structure, skimming, scanning, paraphrase recognition, reference words, vocabulary from context, evidence location and inference",Passed,web/reading_data.js,tests/g3_reading_validation.py,8 / 8 foundation modules
REQ-015B,3,All major Academic Reading question families represented,Passed,web/reading_data.js,tests/g3_reading_validation.py,15 families including flow-chart completion and dedicated inference/author position
REQ-015C,3,Original Reading passage/extract benchmark,Passed,docs/reading_inventory.json,tests/g3_reading_validation.py,60 original texts ≥ 50
REQ-015D,3,Reading scored-question benchmark,Passed,docs/reading_inventory.json,tests/g3_reading_validation.py,240 questions ≥ 200
REQ-015E,3,Every scored Reading question has verified answer reasoning,Passed,web/reading_data.js,tests/g3_reading_validation.py,100% explanation coverage; distractor reasoning for select questions
REQ-015F,3,"Reading progression implements Learn, See, Think, Guided, Independent, Challenge, Timed, Review, Error Diagnosis, Mastery Check",Passed,web/app.js; web/reading_data.js,tests/g3_reading_functional.py,Family module UI and four evidence modes plus explicit challenge/review/error workflow
REQ-015G,3,Reading timed mode records elapsed/within-limit evidence,Passed,web/app.js,tests/g3_reading_functional.py,Timed and mastery sets persist timing evidence
REQ-015H,3,Reading mastery updates from demonstrated performance rather than opening content,Passed,web/app.js,tests/g3_reading_functional.py,L2/L3/L4 thresholds browser-tested; L5 requires spaced dates
REQ-015I,3,Reading wrong answers feed error log and review queue,Passed,web/app.js,tests/g3_reading_functional.py,"Automatic category, explanation, correction and review item"
REQ-016A,3,Reading mobile readability validated across required widths,Passed,web/styles.css,tests/g3_reading_responsive.py,320/375/430/768/1024/1440 pass
REQ-016B,3,Reading accessibility primitives validated,Passed,web/index.html; web/app.js; web/styles.css,tests/g3_reading_accessibility.py,"Semantic article/form, labelled controls, focus rules, UA support"
REQ-016C,3,Reading content is original and self-contained,Passed,web/reading_data.js,tests/g3_reading_validation.py,No external context required; originality flag on all passages/questions
REQ-016D,3,Reading regression preserves previous platform and vocabulary functions,Passed,full build,tests/responsive_check.py; tests/g2_vocabulary_validation.py; tests/ui_vocabulary_static.py; scripts/validate_build.py,G0-G2 regression pass after G3 integration
REQ-017A,4,All seven Writing Task 1 visual families represented with full instructional depth,Passed,scripts/build_writing1_curriculum.py; web/writing1_data.js,tests/g4_writing1_validation.py; tests/g4_writing1_content_qa.py,"7 visual families, each with what it tests, how IELTS constructs it, a 6-step strategy, a named trap, 3-4 common errors, a worked example, a language bank, a tense rule and a UA transfer note."
REQ-017B,4,Task 1 micro-exercise benchmark (>=60),Passed,scripts/build_writing1_curriculum.py; web/writing1_data.js,tests/g4_writing1_validation.py; tests/g4_writing1_content_qa.py,70 micro-exercises against a benchmark of 60.
REQ-017C,4,Task 1 full timed prompt benchmark (>=20),Passed,scripts/build_writing1_curriculum.py; web/writing1_data.js,tests/g4_writing1_validation.py; tests/g4_writing1_content_qa.py,21 full timed prompts against a benchmark of 20; 3 per family.
REQ-017D,4,Key-feature identification and overview construction training,Passed,scripts/build_writing1_curriculum.py; web/writing1_data.js,tests/g4_writing1_validation.py; tests/g4_writing1_content_qa.py,"feature_selection and overview_selection exercises in every family, plus foundation module W1F-02."
REQ-017E,4,"Data language precision: trend, quantity, proportion, approximation and tense",Passed,scripts/build_writing1_curriculum.py; web/writing1_data.js,tests/g4_writing1_validation.py; tests/g4_writing1_content_qa.py,"trend_language and data_to_sentence exercises in every family, plus foundation module W1F-03; percentage-points vs per-cent enforced in content QA."
REQ-017F,4,Grouping and comparison rather than list-like description,Passed,scripts/build_writing1_curriculum.py; web/writing1_data.js,tests/g4_writing1_validation.py; tests/g4_writing1_content_qa.py,grouping and comparison_building exercises in every family; list-like description is a tracked error category.
REQ-017G,4,Planning then timed drafting then self-review flow,Passed,web/app.js; web/styles.css; web/index.html; web/writing1_data.js,tests/g4_writing1_functional.py,"Plan then timed draft then self-review flow implemented; stepper, plan autosave, 20-minute timer, word count, 13-item checklist and annotated model comparison browser-tested."
REQ-017H,4,"Task 1 progression modes guided, independent, timed and mastery in every family",Passed,scripts/build_writing1_curriculum.py; web/writing1_data.js,tests/g4_writing1_validation.py; tests/g4_writing1_content_qa.py,guided/independent/timed/mastery all present in every family; asserted as set equality.
REQ-017I,4,Ukrainian-speaker transfer support for articles prepositions and agreement,Passed,scripts/build_writing1_curriculum.py; web/writing1_data.js,tests/g4_writing1_validation.py; tests/g4_writing1_content_qa.py,"article_preposition_transfer category, per-family uaTransferNote, and a UA support note on every one of the 70 exercises; Cyrillic presence asserted."
REQ-018A,4,All ten micro-exercise types represented in every visual family,Passed,scripts/build_writing1_curriculum.py; web/writing1_data.js,tests/g4_writing1_validation.py; tests/g4_writing1_content_qa.py,"All 10 micro-exercise types present in all 7 families; asserted as set equality, not a count."
REQ-018B,4,Every scored Task 1 item carries explanation error category and wrong-option reasoning,Passed,scripts/build_writing1_curriculum.py; web/writing1_data.js,tests/g4_writing1_validation.py; tests/g4_writing1_content_qa.py,Every item carries an explanation and a taxonomy error category; every wrong option of every select item carries its own reasoning.
REQ-018C,4,Task 1 answers and model responses grounded in the item's own visual data,Passed,scripts/build_writing1_curriculum.py; web/writing1_data.js,tests/g4_writing1_claims.py; tests/g4_writing1_content_qa.py,Canonical claim manifest: every figure in every scored item traces to a declared derivation from its own dataset. Column totals and pairwise sums require explicit authorisation. 529 text blocks checked; validator proven against 8 seeded defects.
REQ-019A,4,Task 1 self-review checklist labelled as training guidance not official scoring,Passed,scripts/build_writing1_curriculum.py; web/writing1_data.js,tests/g4_writing1_validation.py; tests/g4_writing1_content_qa.py,"13-item self-review checklist per prompt, mapped to IELTS criteria; scoringNote disclaimer asserted on every prompt and meta; text grepped for band claims."
REQ-020A,4,Task 1 visuals and datasets are original to the product,Passed,scripts/build_writing1_curriculum.py; web/writing1_data.js,tests/g4_writing1_validation.py; tests/g4_writing1_content_qa.py,"All 21 visuals and datasets original to the product; originality flag asserted on every visual, exercise and prompt."
REQ-020B,4,Task 1 mastery advances only on demonstrated performance,Passed,web/app.js; web/styles.css; web/index.html; web/writing1_data.js,tests/g4_writing1_functional.py,"D-015 thresholds enforced in w1UpdateMastery. Test asserts opening a lesson grants nothing, and that finishing the timed exercises alone stays at L3 until a timed full response is submitted."
REQ-020C,4,Task 1 errors feed the shared error log and review queue,Passed,web/app.js; web/styles.css; web/index.html; web/writing1_data.js,tests/g4_writing1_functional.py,Wrong answers create an error record with all required fields and a review item; an over-limit submission logs a timing_failure; unticked checklist items are queued.
REQ-020D,4,Task 1 autosave and persistence across reload,Passed,web/app.js; web/styles.css; web/index.html; web/writing1_data.js,tests/g4_writing1_functional.py,"Plan and draft autosave on input; results, submissions, drafts, checklists and mastery all survive rehydration from the serialised store."
REQ-020E,4,Task 1 responsive visual rendering validated at six widths,Passed,web/app.js; web/styles.css; web/index.html; web/writing1_data.js,tests/g4_writing1_responsive.py,"All 7 families opened at 320/375/430/768/1024/1440: no horizontal overflow, no collapsed visual, no data label under 9px, no content spilling its panel without a scroll container, no answer control under 40px."
REQ-020F,4,Task 1 accessibility includes text equivalents for every visual,Passed,web/app.js; web/styles.css; web/index.html; web/writing1_data.js,tests/g4_writing1_accessibility.py,Every visual is a labelled section with a text equivalent over 80 characters; every SVG has role=img and a name; every chart also ships a data table; map statuses carry text badges; all controls labelled; feedback not colour-only.
REQ-020G,4,G0-G3 regression preserved after G4 integration,Passed,full build,scripts/validate_build.py; tests/g2_vocabulary_validation.py; tests/g3_reading_validation.py; tests/g3_reading_functional.py; tests/g3_reading_responsive.py; tests/g3_reading_accessibility.py; tests/responsive_check.py; tests/accessibility_static.py; tests/ui_vocabulary_static.py,G0-G3 regression re-run and passing after the G4 UI was integrated.
REQ-048B,4,Browser-driven validation scripts resolve a Chromium binary on any supported OS,Passed,tests/browser_env.py,tests/responsive_check.py; tests/g3_reading_responsive.py; tests/g3_reading_functional.py; tests/g3_reading_accessibility.py,Defect D4-001: scripts hard-coded /usr/bin/chromium and could not launch off Linux. Resolver added; all four browser checks now pass.
